Workbook

Sheet Read Me
A1: Weekly Service Level Performance Narrative Template
A2: Built for Lou to share with Bindu and Jay. Includes criteria, formulas, example, action tracker, and narrative template.
A4: How to use | B4: Instructions
A5: 1 | B5: Update the Data Input sheet with the prior week interval/day data. Blue cells are intended for manual input.
A6: 2 | B6: Review the Example Weekly Narrative sheet. It shows one clear worked example using sample data.
A7: 3 | B7: Use the Criteria Matrix to align on what should be reported weekly and who owns each item.
A8: 4 | B8: Use the Action Tracker to document follow-up items and keep owners/due dates explicit.
A9: 5 | B9: Use the Narrative Template sheet to copy into the weekly note to Rimi.

Sheet Criteria Matrix
A1: Weekly Service Level Performance Criteria Matrix
A2: Criteria aligned to Rimi ask plus recommended best-practice additions using first principles and Pareto.
A5: Category | B5: Report Item | C5: Definition / Question Answered | D5: Calculation / Formula | E5: Threshold / Flag | F5: Owner | G5: Cadence | H5: Why It Matters
A6: Core SLA | B6: Total intervals missed 2-min AWT target | C6: How many intervals exceeded the 2-minute average wait time target? | D6: COUNTIF(interval AWT, ">2:00") | E6: Any miss = review; severe miss >5:00 | F6: WFM | G6: Weekly | H6: Direct answer to Rimi ask and top indicator of customer wait experience.
A7: Core SLA | B7: Days with missed intervals | C7: How many days had one or more missed intervals? | D7: COUNTUNIQUE(day where missed intervals >0) | E7: More days = broader systemic issue | F7: WFM | G7: Weekly | H7: Separates isolated bad interval from multi-day pattern.
A8: Core SLA | B8: Miss severity bands | C8: Were misses minor, moderate, or severe? | D8: Minor 2:01-3:00; Moderate 3:01-5:00; Severe >5:00 | E8: Severe >0 = leadership visibility | F8: WFM | G8: Weekly | H8: Not all misses carry the same customer impact.
A9: Core SLA | B9: Miss concentration by day/time block | C9: Where were misses clustered? | D9: Pivot missed intervals by day and time block | E9: Top day/time block should get priority | F9: WFM | G9: Weekly | H9: Supports Pareto analysis by focusing action on highest concentration.
A10: Customer Experience | B10: Abandonment exception >7% | C10: Which days exceeded the 7% abandon threshold? | D10: Abandoned calls / Offered calls | E10: >7.0% = exception | F10: WFM | G10: Weekly | H10: Rimi specifically requested visibility on any day above 7%.
A11: Customer Experience | B11: Short vs true abandons | C11: Are abandonments customer experience-related or immediate hangups? | D11: Gross abandon vs abandon after threshold if available | E11: Use available system definition | F11: WFM | G11: Weekly | H11: Improves data quality and avoids overreacting to immediate hangups.
A12: Demand | B12: Forecast accuracy | C12: Was demand higher/lower than forecast? | D12: (Actual calls - Forecast calls) / Forecast calls | E12: >+/-10% = review | F12: WFM | G12: Weekly | H12: Determines if miss began with demand planning.
A13: Supply | B13: Required vs scheduled vs productive staff | C13: Did scheduled coverage become productive coverage? | D13: Required staff vs scheduled staff vs actual productive staff | E13: Productive gap drives SLA risk | F13: WFM | G13: Weekly | H13: Shows if capacity was planned, scheduled, and actually available.
A14: Availability | B14: Shrinkage / lost hours | C14: Did absence, tardy, coaching, meetings, or aux reduce capacity? | D14: Lost hours / scheduled hours | E14: Above plan = root cause review | F14: WFM + Site Ops | G14: Weekly | H14: Explains why a staffed site still misses SLA.
A15: Availability | B15: Adherence / conformance diagnostic | C15: Did agents follow schedule? | D15: Actual in-adherence time / scheduled time | E15: Diagnostic only; avoid punitive gate | F15: WFM + Site Ops | G15: Weekly | H15: Helps explain interval misses without incentivizing gaming.
A16: Productivity | B16: AHT variance | C16: Did handle time exceed plan and build queues? | D16: Actual AHT - target AHT | E16: Above plan during miss intervals = review | F16: Care Ops + QA | G16: Weekly | H16: Links operational process/knowledge gaps to SLA misses.
... A20: Leadership Action | B20: Immediate action items | C20: What needs to happen next week? | D20: Owner + due date + expected impact | E20: Every repeat driver must have action | F20: Lou / WFM / Ops | G20: Weekly | H20: Creates accountability and closes the loop.

Sheet Data Input
A1: Data Input - Weekly WFM Fields
A2: Blue input cells should be updated by WFM each week. Formulas support the weekly narrative.
A5: Week Start | B5: Week End | C5: Day | D5: Time Block | E5: Forecast Calls | F5: Offered Calls | G5: Handled Calls | H5: Abandoned Calls | I5: Abandon % | J5: Abn>30s Calls | K5: Abn>30s % | L5: AWT Minutes | M5: AHT Seconds | N5: Required Staff | O5: Scheduled Staff | P5: Productive Staff | Q5: Primary Driver | R5: Action Taken | S5: Miss Rank (Helper - Do Not Edit)
A6: 46236 | B6: =DataInput[[#This Row],[Week Start]]+6 -> 46242 | C6: Monday | D6: 0.33333333 | E6: 140 | F6: 139 | G6: 131 | H6: 8 | I6: 0.057553957 | J6: 6 | K6: 0.043165468 | L6: 1.3400763 | M6: 364.07353 | N6: 41 | O6: 54.335 | P6: 51.779444 | S6: =IF(L6>2,COUNTIF($L$6:L6,">2"),"")
A7: 46236 | B7: =DataInput[[#This Row],[Week Start]]+6 -> 46242 | C7: Monday | D7: 0.35416667 | E7: 217 | F7: 227 | G7: 197 | H7: 30 | I7: 0.13215859 | J7: 25 | K7: 0.11013216 | L7: 3.3928088 | M7: 436.50754 | N7: 68 | O7: 58.665 | P7: 59.212222 | S7: =IF(L7>2,COUNTIF($L$6:L7,">2"),"") -> 1
A8: 46236 | B8: =DataInput[[#This Row],[Week Start]]+6 -> 46242 | C8: Monday | D8: 0.375 | E8: 218 | F8: 234 | G8: 223 | H8: 11 | I8: 0.047008547 | J8: 6 | K8: 0.025641026 | L8: 1.7 | M8: 469.34934 | N8: 74 | O8: 80.835 | P8: 80.206111 | S8: =IF(L8>2,COUNTIF($L$6:L8,">2"),"")
A9: 46236 | B9: =DataInput[[#This Row],[Week Start]]+6 -> 46242 | C9: Monday | D9: 0.39583333 | E9: 235 | F9: 247 | G9: 245 | H9: 2 | I9: 0.008097166 | J9: 0 | K9: 0 | L9: 0.12952381 | M9: 416.94862 | N9: 70 | O9: 86.17 | P9: 88.231111 | S9: =IF(L9>2,COUNTIF($L$6:L9,">2"),"")
A10: 46236 | B10: =DataInput[[#This Row],[Week Start]]+6 -> 46242 | C10: Monday | D10: 0.41666667 | E10: 288 | F10: 318 | G10: 294 | H10: 24 | I10: 0.075471698 | J10: 19 | K10: 0.059748428 | L10: 0.65136054 | M10: 425.24 | N10: 85.5 | O10: 89.335 | P10: 87.074444 | S10: =IF(L10>2,COUNTIF($L$6:L10,">2"),"")
A11: 46236 | B11: =DataInput[[#This Row],[Week Start]]+6 -> 46242 | C11: Monday | D11: 0.4375 | E11: 323 | F11: 370 | G11: 316 | H11: 54 | I11: 0.14594595 | J11: 47 | K11: 0.12702703 | L11: 3.0749473 | M11: 445.54321 | N11: 92 | O11: 77.5 | P11: 76.568889 | S11: =IF(L11>2,COUNTIF($L$6:L11,">2"),"") -> 2
A12: 46236 | B12: =DataInput[[#This Row],[Week Start]]+6 -> 46242 | C12: Monday | D12: 0.45833333 | E12: 319 | F12: 341 | G12: 309 | H12: 32 | I12: 0.093841642 | J12: 26 | K12: 0.076246334 | L12: 3.7696872 | M12: 459.55205 | N12: 92.5 | O12: 87 | P12: 80.240556 | S12: =IF(L12>2,COUNTIF($L$6:L12,">2"),"") -> 3
A13: 46236 | B13: =DataInput[[#This Row],[Week Start]]+6 -> 46242 | C13: Monday | D13: 0.47916667 | E13: 313 | F13: 328 | G13: 313 | H13: 15 | I13: 0.045731707 | J13: 5 | K13: 0.015243902 | L13: 1.3446219 | M13: 455.21562 | N13: 95 | O13: 81 | P13: 83.838333 | S13: =IF(L13>2,COUNTIF($L$6:L13,">2"),"")
A14: 46236 | B14: =DataInput[[#This Row],[Week Start]]+6 -> 46242 | C14: Monday | D14: 0.5 | E14: 314 | F14: 349 | G14: 317 | H14: 32 | I14: 0.091690544 | J14: 27 | K14: 0.077363897 | L14: 2.0086225 | M14: 425.78614 | N14: 91 | O14: 73 | P14: 77.671667 | S14: =IF(L14>2,COUNTIF($L$6:L14,">2"),"") -> 4
A15: 46236 | B15: =DataInput[[#This Row],[Week Start]]+6 -> 46242 | C15: Monday | D15: 0.52083333 | E15: 291 | F15: 315 | G15: 281 | H15: 34 | I15: 0.10793651 | J15: 28 | K15: 0.088888889 | L15: 2.347153 | M15: 446.85324 | N15: 100.5 | O15: 78 | P15: 72.795 | S15: =IF(L15>2,COUNTIF($L$6:L15,">2"),"") -> 5
A16: 46236 | B16: =DataInput[[#This Row],[Week Start]]+6 -> 46242 | C16: Monday | D16: 0.54166667 | E16: 282 | F16: 275 | G16: 244 | H16: 31 | I16: 0.11272727 | J16: 23 | K16: 0.083636364 | L16: 2.2172131 | M16: 484.01594 | N16: 91 | O16: 81 | P16: 74.867778 | S16: =IF(L16>2,COUNTIF($L$6:L16,">2"),"") -> 6
A17: 46236 | B17: =DataInput[[#This Row],[Week Start]]+6 -> 46242 | C17: Monday | D17: 0.5625 | E17: 309 | F17: 344 | G17: 301 | H17: 43 | I17: 0.125 | J17: 33 | K17: 0.095930233 | L17: 3.1544297 | M17: 492.66559 | N17: 97 | O17: 83.165 | P17: 79.711667 | S17: =IF(L17>2,COUNTIF($L$6:L17,">2"),"") -> 7
... A143: 46236 | B143: =DataInput[[#This Row],[Week Start]]+6 -> 46242 | C143: Saturday | D143: 0.75 | E143: 15 | F143: 26 | G143: 26 | H143: 0 | I143: 0 | J143: 0 | K143: 0 | L143: 0.11346154 | M143: 519.48148 | N143: 10 | O143: 1 | P143: 4.5588889 | S143: =IF(L143>2,COUNTIF($L$6:L143,">2"),"")

Sheet Missed AWT Intervals
A1: Missed AWT Interval Report
A2: Auto-updates from the Data Input tab. Every interval where AWT Minutes exceeded the 2:00 target is listed below - no manual copying needed.
A3: Total Missed Intervals This Week: | B3: =COUNTIF('Data Input'!L6:L143,">2") -> 53 | D3: Severe Misses (>5:00): | E3: =COUNTIF('Data Input'!L6:L143,">5") -> 20
A5: # | B5: Day | C5: Time Block | D5: AWT Minutes | E5: Severity | F5: Offered Calls | G5: Abandoned Calls | H5: Abandon % | I5: AHT Seconds | J5: Primary Driver | K5: Action Taken
A6: =IF(1<=$B$3,1,"") -> 1 | B6: =IF($A6="","",INDEX('Data Input'!$C$6:$C$143,MATCH($A6,'Data Input'!$S$6:$S$143,0))) -> Monday | C6: =IF($A6="","",INDEX('Data Input'!$D$6:$D$143,MATCH($A6,'Data Input'!$S$6:$S$143,0))) -> 0.35416667 | D6: =IF($A6="","",INDEX('Data Input'!$L$6:$L$143,MATCH($A6,'Data Input'!$S$6:$S$143,0))) -> 3.3928088 | E6: =IF($A6="","",IF(D6>5,"Severe",IF(D6>3,"Moderate","Minor"))) -> Moderate | F6: =IF($A6="","",INDEX('Data Input'!$F$6:$F$143,MATCH($A6,'Data Input'!$S$6:$S$143,0))) -> 227 | G6: =IF($A6="","",INDEX('Data Input'!$H$6:$H$143,MATCH($A6,'Data Input'!$S$6:$S$143,0))) -> 30 | H6: =IF($A6="","",INDEX('Data Input'!$I$6:$I$143,MATCH($A6,'Data Input'!$S$6:$S$143,0))) -> 0.13215859 | I6: =IF($A6="","",INDEX('Data Input'!$M$6:$M$143,MATCH($A6,'Data Input'!$S$6:$S$143,0))) -> 436.50754 | J6: =IF($A6="","",IFERROR(IF(INDEX('Data Input'!$Q$6:$Q$143,MATCH($A6,'Data Input'!$S$6:$S$143,0))="","",INDEX('Data Input'!$Q$6:$Q$143,MATCH($A6,'Data Input'!$S$6:$S$143,0))),"")) | K6: =IF($A6="","",IFERROR(IF(INDEX('Data Input'!$R$6:$R$143,MATCH($A6,'Data Input'!$S$6:$S$143,0))="","",INDEX('Data Input'!$R$6:$R$143,MATCH($A6,'Data Input'!$S$6:$S$143,0))),""))
A7: =IF(2<=$B$3,2,"") -> 2 | B7: =IF($A7="","",INDEX('Data Input'!$C$6:$C$143,MATCH($A7,'Data Input'!$S$6:$S$143,0))) -> Monday | C7: =IF($A7="","",INDEX('Data Input'!$D$6:$D$143,MATCH($A7,'Data Input'!$S$6:$S$143,0))) -> 0.4375 | D7: =IF($A7="","",INDEX('Data Input'!$L$6:$L$143,MATCH($A7,'Data Input'!$S$6:$S$143,0))) -> 3.0749473 | E7: =IF($A7="","",IF(D7>5,"Severe",IF(D7>3,"Moderate","Minor"))) -> Moderate | F7: =IF($A7="","",INDEX('Data Input'!$F$6:$F$143,MATCH($A7,'Data Input'!$S$6:$S$143,0))) -> 370 | G7: =IF($A7="","",INDEX('Data Input'!$H$6:$H$143,MATCH($A7,'Data Input'!$S$6:$S$143,0))) -> 54 | H7: =IF($A7="","",INDEX('Data Input'!$I$6:$I$143,MATCH($A7,'Data Input'!$S$6:$S$143,0))) -> 0.14594595 | I7: =IF($A7="","",INDEX('Data Input'!$M$6:$M$143,MATCH($A7,'Data Input'!$S$6:$S$143,0))) -> 445.54321 | J7: =IF($A7="","",IFERROR(IF(INDEX('Data Input'!$Q$6:$Q$143,MATCH($A7,'Data Input'!$S$6:$S$143,0))="","",INDEX('Data Input'!$Q$6:$Q$143,MATCH($A7,'Data Input'!$S$6:$S$143,0))),"")) | K7: =IF($A7="","",IFERROR(IF(INDEX('Data Input'!$R$6:$R$143,MATCH($A7,'Data Input'!$S$6:$S$143,0))="","",INDEX('Data Input'!$R$6:$R$143,MATCH($A7,'Data Input'!$S$6:$S$143,0))),""))
A8: =IF(3<=$B$3,3,"") -> 3 | B8: =IF($A8="","",INDEX('Data Input'!$C$6:$C$143,MATCH($A8,'Data Input'!$S$6:$S$143,0))) -> Monday | C8: =IF($A8="","",INDEX('Data Input'!$D$6:$D$143,MATCH($A8,'Data Input'!$S$6:$S$143,0))) -> 0.45833333 | D8: =IF($A8="","",INDEX('Data Input'!$L$6:$L$143,MATCH($A8,'Data Input'!$S$6:$S$143,0))) -> 3.7696872 | E8: =IF($A8="","",IF(D8>5,"Severe",IF(D8>3,"Moderate","Minor"))) -> Moderate | F8: =IF($A8="","",INDEX('Data Input'!$F$6:$F$143,MATCH($A8,'Data Input'!$S$6:$S$143,0))) -> 341 | G8: =IF($A8="","",INDEX('Data Input'!$H$6:$H$143,MATCH($A8,'Data Input'!$S$6:$S$143,0))) -> 32 | H8: =IF($A8="","",INDEX('Data Input'!$I$6:$I$143,MATCH($A8,'Data Input'!$S$6:$S$143,0))) -> 0.093841642 | I8: =IF($A8="","",INDEX('Data Input'!$M$6:$M$143,MATCH($A8,'Data Input'!$S$6:$S$143,0))) -> 459.55205 | J8: =IF($A8="","",IFERROR(IF(INDEX('Data Input'!$Q$6:$Q$143,MATCH($A8,'Data Input'!$S$6:$S$143,0))="","",INDEX('Data Input'!$Q$6:$Q$143,MATCH($A8,'Data Input'!$S$6:$S$143,0))),"")) | K8: =IF($A8="","",IFERROR(IF(INDEX('Data Input'!$R$6:$R$143,MATCH($A8,'Data Input'!$S$6:$S$143,0))="","",INDEX('Data Input'!$R$6:$R$143,MATCH($A8,'Data Input'!$S$6:$S$143,0))),""))
A9: =IF(4<=$B$3,4,"") -> 4 | B9: =IF($A9="","",INDEX('Data Input'!$C$6:$C$143,MATCH($A9,'Data Input'!$S$6:$S$143,0))) -> Monday | C9: =IF($A9="","",INDEX('Data Input'!$D$6:$D$143,MATCH($A9,'Data Input'!$S$6:$S$143,0))) -> 0.5 | D9: =IF($A9="","",INDEX('Data Input'!$L$6:$L$143,MATCH($A9,'Data Input'!$S$6:$S$143,0))) -> 2.0086225 | E9: =IF($A9="","",IF(D9>5,"Severe",IF(D9>3,"Moderate","Minor"))) -> Minor | F9: =IF($A9="","",INDEX('Data Input'!$F$6:$F$143,MATCH($A9,'Data Input'!$S$6:$S$143,0))) -> 349 | G9: =IF($A9="","",INDEX('Data Input'!$H$6:$H$143,MATCH($A9,'Data Input'!$S$6:$S$143,0))) -> 32 | H9: =IF($A9="","",INDEX('Data Input'!$I$6:$I$143,MATCH($A9,'Data Input'!$S$6:$S$143,0))) -> 0.091690544 | I9: =IF($A9="","",INDEX('Data Input'!$M$6:$M$143,MATCH($A9,'Data Input'!$S$6:$S$143,0))) -> 425.78614 | J9: =IF($A9="","",IFERROR(IF(INDEX('Data Input'!$Q$6:$Q$143,MATCH($A9,'Data Input'!$S$6:$S$143,0))="","",INDEX('Data Input'!$Q$6:$Q$143,MATCH($A9,'Data Input'!$S$6:$S$143,0))),"")) | K9: =IF($A9="","",IFERROR(IF(INDEX('Data Input'!$R$6:$R$143,MATCH($A9,'Data Input'!$S$6:$S$143,0))="","",INDEX('Data Input'!$R$6:$R$143,MATCH($A9,'Data Input'!$S$6:$S$143,0))),""))
A10: =IF(5<=$B$3,5,"") -> 5 | B10: =IF($A10="","",INDEX('Data Input'!$C$6:$C$143,MATCH($A10,'Data Input'!$S$6:$S$143,0))) -> Monday | C10: =IF($A10="","",INDEX('Data Input'!$D$6:$D$143,MATCH($A10,'Data Input'!$S$6:$S$143,0))) -> 0.52083333 | D10: =IF($A10="","",INDEX('Data Input'!$L$6:$L$143,MATCH($A10,'Data Input'!$S$6:$S$143,0))) -> 2.347153 | E10: =IF($A10="","",IF(D10>5,"Severe",IF(D10>3,"Moderate","Minor"))) -> Minor | F10: =IF($A10="","",INDEX('Data Input'!$F$6:$F$143,MATCH($A10,'Data Input'!$S$6:$S$143,0))) -> 315 | G10: =IF($A10="","",INDEX('Data Input'!$H$6:$H$143,MATCH($A10,'Data Input'!$S$6:$S$143,0))) -> 34 | H10: =IF($A10="","",INDEX('Data Input'!$I$6:$I$143,MATCH($A10,'Data Input'!$S$6:$S$143,0))) -> 0.10793651 | I10: =IF($A10="","",INDEX('Data Input'!$M$6:$M$143,MATCH($A10,'Data Input'!$S$6:$S$143,0))) -> 446.85324 | J10: =IF($A10="","",IFERROR(IF(INDEX('Data Input'!$Q$6:$Q$143,MATCH($A10,'Data Input'!$S$6:$S$143,0))="","",INDEX('Data Input'!$Q$6:$Q$143,MATCH($A10,'Data Input'!$S$6:$S$143,0))),"")) | K10: =IF($A10="","",IFERROR(IF(INDEX('Data Input'!$R$6:$R$143,MATCH($A10,'Data Input'!$S$6:$S$143,0))="","",INDEX('Data Input'!$R$6:$R$143,MATCH($A10,'Data Input'!$S$6:$S$143,0))),""))
A11: =IF(6<=$B$3,6,"") -> 6 | B11: =IF($A11="","",INDEX('Data Input'!$C$6:$C$143,MATCH($A11,'Data Input'!$S$6:$S$143,0))) -> Monday | C11: =IF($A11="","",INDEX('Data Input'!$D$6:$D$143,MATCH($A11,'Data Input'!$S$6:$S$143,0))) -> 0.54166667 | D11: =IF($A11="","",INDEX('Data Input'!$L$6:$L$143,MATCH($A11,'Data Input'!$S$6:$S$143,0))) -> 2.2172131 | E11: =IF($A11="","",IF(D11>5,"Severe",IF(D11>3,"Moderate","Minor"))) -> Minor | F11: =IF($A11="","",INDEX('Data Input'!$F$6:$F$143,MATCH($A11,'Data Input'!$S$6:$S$143,0))) -> 275 | G11: =IF($A11="","",INDEX('Data Input'!$H$6:$H$143,MATCH($A11,'Data Input'!$S$6:$S$143,0))) -> 31 | H11: =IF($A11="","",INDEX('Data Input'!$I$6:$I$143,MATCH($A11,'Data Input'!$S$6:$S$143,0))) -> 0.11272727 | I11: =IF($A11="","",INDEX('Data Input'!$M$6:$M$143,MATCH($A11,'Data Input'!$S$6:$S$143,0))) -> 484.01594 | J11: =IF($A11="","",IFERROR(IF(INDEX('Data Input'!$Q$6:$Q$143,MATCH($A11,'Data Input'!$S$6:$S$143,0))="","",INDEX('Data Input'!$Q$6:$Q$143,MATCH($A11,'Data Input'!$S$6:$S$143,0))),"")) | K11: =IF($A11="","",IFERROR(IF(INDEX('Data Input'!$R$6:$R$143,MATCH($A11,'Data Input'!$S$6:$S$143,0))="","",INDEX('Data Input'!$R$6:$R$143,MATCH($A11,'Data Input'!$S$6:$S$143,0))),""))
A12: =IF(7<=$B$3,7,"") -> 7 | B12: =IF($A12="","",INDEX('Data Input'!$C$6:$C$143,MATCH($A12,'Data Input'!$S$6:$S$143,0))) -> Monday | C12: =IF($A12="","",INDEX('Data Input'!$D$6:$D$143,MATCH($A12,'Data Input'!$S$6:$S$143,0))) -> 0.5625 | D12: =IF($A12="","",INDEX('Data Input'!$L$6:$L$143,MATCH($A12,'Data Input'!$S$6:$S$143,0))) -> 3.1544297 | E12: =IF($A12="","",IF(D12>5,"Severe",IF(D12>3,"Moderate","Minor"))) -> Moderate | F12: =IF($A12="","",INDEX('Data Input'!$F$6:$F$143,MATCH($A12,'Data Input'!$S$6:$S$143,0))) -> 344 | G12: =IF($A12="","",INDEX('Data Input'!$H$6:$H$143,MATCH($A12,'Data Input'!$S$6:$S$143,0))) -> 43 | H12: =IF($A12="","",INDEX('Data Input'!$I$6:$I$143,MATCH($A12,'Data Input'!$S$6:$S$143,0))) -> 0.125 | I12: =IF($A12="","",INDEX('Data Input'!$M$6:$M$143,MATCH($A12,'Data Input'!$S$6:$S$143,0))) -> 492.66559 | J12: =IF($A12="","",IFERROR(IF(INDEX('Data Input'!$Q$6:$Q$143,MATCH($A12,'Data Input'!$S$6:$S$143,0))="","",INDEX('Data Input'!$Q$6:$Q$143,MATCH($A12,'Data Input'!$S$6:$S$143,0))),"")) | K12: =IF($A12="","",IFERROR(IF(INDEX('Data Input'!$R$6:$R$143,MATCH($A12,'Data Input'!$S$6:$S$143,0))="","",INDEX('Data Input'!$R$6:$R$143,MATCH($A12,'Data Input'!$S$6:$S$143,0))),""))
A13: =IF(8<=$B$3,8,"") -> 8 | B13: =IF($A13="","",INDEX('Data Input'!$C$6:$C$143,MATCH($A13,'Data Input'!$S$6:$S$143,0))) -> Monday | C13: =IF($A13="","",INDEX('Data Input'!$D$6:$D$143,MATCH($A13,'Data Input'!$S$6:$S$143,0))) -> 0.58333333 | D13: =IF($A13="","",INDEX('Data Input'!$L$6:$L$143,MATCH($A13,'Data Input'!$S$6:$S$143,0))) -> 2.0238267 | E13: =IF($A13="","",IF(D13>5,"Severe",IF(D13>3,"Moderate","Minor"))) -> Minor | F13: =IF($A13="","",INDEX('Data Input'!$F$6:$F$143,MATCH($A13,'Data Input'!$S$6:$S$143,0))) -> 294 | G13: =IF($A13="","",INDEX('Data Input'!$H$6:$H$143,MATCH($A13,'Data Input'!$S$6:$S$143,0))) -> 17 | H13: =IF($A13="","",INDEX('Data Input'!$I$6:$I$143,MATCH($A13,'Data Input'!$S$6:$S$143,0))) -> 0.057823129 | I13: =IF($A13="","",INDEX('Data Input'!$M$6:$M$143,MATCH($A13,'Data Input'!$S$6:$S$143,0))) -> 465.37102 | J13: =IF($A13="","",IFERROR(IF(INDEX('Data Input'!$Q$6:$Q$143,MATCH($A13,'Data Input'!$S$6:$S$143,0))="","",INDEX('Data Input'!$Q$6:$Q$143,MATCH($A13,'Data Input'!$S$6:$S$143,0))),"")) | K13: =IF($A13="","",IFERROR(IF(INDEX('Data Input'!$R$6:$R$143,MATCH($A13,'Data Input'!$S$6:$S$143,0))="","",INDEX('Data Input'!$R$6:$R$143,MATCH($A13,'Data Input'!$S$6:$S$143,0))),""))
A14: =IF(9<=$B$3,9,"") -> 9 | B14: =IF($A14="","",INDEX('Data Input'!$C$6:$C$143,MATCH($A14,'Data Input'!$S$6:$S$143,0))) -> Monday | C14: =IF($A14="","",INDEX('Data Input'!$D$6:$D$143,MATCH($A14,'Data Input'!$S$6:$S$143,0))) -> 0.625 | D14: =IF($A14="","",INDEX('Data Input'!$L$6:$L$143,MATCH($A14,'Data Input'!$S$6:$S$143,0))) -> 4.2497792 | E14: =IF($A14="","",IF(D14>5,"Severe",IF(D14>3,"Moderate","Minor"))) -> Moderate | F14: =IF($A14="","",INDEX('Data Input'!$F$6:$F$143,MATCH($A14,'Data Input'!$S$6:$S$143,0))) -> 356 | G14: =IF($A14="","",INDEX('Data Input'!$H$6:$H$143,MATCH($A14,'Data Input'!$S$6:$S$143,0))) -> 54 | H14: =IF($A14="","",INDEX('Data Input'!$I$6:$I$143,MATCH($A14,'Data Input'!$S$6:$S$143,0))) -> 0.15168539 | I14: =IF($A14="","",INDEX('Data Input'!$M$6:$M$143,MATCH($A14,'Data Input'!$S$6:$S$143,0))) -> 493.44805 | J14: =IF($A14="","",IFERROR(IF(INDEX('Data Input'!$Q$6:$Q$143,MATCH($A14,'Data Input'!$S$6:$S$143,0))="","",INDEX('Data Input'!$Q$6:$Q$143,MATCH($A14,'Data Input'!$S$6:$S$143,0))),"")) | K14: =IF($A14="","",IFERROR(IF(INDEX('Data Input'!$R$6:$R$143,MATCH($A14,'Data Input'!$S$6:$S$143,0))="","",INDEX('Data Input'!$R$6:$R$143,MATCH($A14,'Data Input'!$S$6:$S$143,0))),""))
A15: =IF(10<=$B$3,10,"") -> 10 | B15: =IF($A15="","",INDEX('Data Input'!$C$6:$C$143,MATCH($A15,'Data Input'!$S$6:$S$143,0))) -> Monday | C15: =IF($A15="","",INDEX('Data Input'!$D$6:$D$143,MATCH($A15,'Data Input'!$S$6:$S$143,0))) -> 0.64583333 | D15: =IF($A15="","",INDEX('Data Input'!$L$6:$L$143,MATCH($A15,'Data Input'!$S$6:$S$143,0))) -> 4.2592915 | E15: =IF($A15="","",IF(D15>5,"Severe",IF(D15>3,"Moderate","Minor"))) -> Moderate | F15: =IF($A15="","",INDEX('Data Input'!$F$6:$F$143,MATCH($A15,'Data Input'!$S$6:$S$143,0))) -> 330 | G15: =IF($A15="","",INDEX('Data Input'!$H$6:$H$143,MATCH($A15,'Data Input'!$S$6:$S$143,0))) -> 43 | H15: =IF($A15="","",INDEX('Data Input'!$I$6:$I$143,MATCH($A15,'Data Input'!$S$6:$S$143,0))) -> 0.13030303 | I15: =IF($A15="","",INDEX('Data Input'!$M$6:$M$143,MATCH($A15,'Data Input'!$S$6:$S$143,0))) -> 463.02341 | J15: =IF($A15="","",IFERROR(IF(INDEX('Data Input'!$Q$6:$Q$143,MATCH($A15,'Data Input'!$S$6:$S$143,0))="","",INDEX('Data Input'!$Q$6:$Q$143,MATCH($A15,'Data Input'!$S$6:$S$143,0))),"")) | K15: =IF($A15="","",IFERROR(IF(INDEX('Data Input'!$R$6:$R$143,MATCH($A15,'Data Input'!$S$6:$S$143,0))="","",INDEX('Data Input'!$R$6:$R$143,MATCH($A15,'Data Input'!$S$6:$S$143,0))),""))
A16: =IF(11<=$B$3,11,"") -> 11 | B16: =IF($A16="","",INDEX('Data Input'!$C$6:$C$143,MATCH($A16,'Data Input'!$S$6:$S$143,0))) -> Monday | C16: =IF($A16="","",INDEX('Data Input'!$D$6:$D$143,MATCH($A16,'Data Input'!$S$6:$S$143,0))) -> 0.66666667 | D16: =IF($A16="","",INDEX('Data Input'!$L$6:$L$143,MATCH($A16,'Data Input'!$S$6:$S$143,0))) -> 2.9519608 | E16: =IF($A16="","",IF(D16>5,"Severe",IF(D16>3,"Moderate","Minor"))) -> Minor | F16: =IF($A16="","",INDEX('Data Input'!$F$6:$F$143,MATCH($A16,'Data Input'!$S$6:$S$143,0))) -> 380 | G16: =IF($A16="","",INDEX('Data Input'!$H$6:$H$143,MATCH($A16,'Data Input'!$S$6:$S$143,0))) -> 57 | H16: =IF($A16="","",INDEX('Data Input'!$I$6:$I$143,MATCH($A16,'Data Input'!$S$6:$S$143,0))) -> 0.15 | I16: =IF($A16="","",INDEX('Data Input'!$M$6:$M$143,MATCH($A16,'Data Input'!$S$6:$S$143,0))) -> 464.64048 | J16: =IF($A16="","",IFERROR(IF(INDEX('Data Input'!$Q$6:$Q$143,MATCH($A16,'Data Input'!$S$6:$S$143,0))="","",INDEX('Data Input'!$Q$6:$Q$143,MATCH($A16,'Data Input'!$S$6:$S$143,0))),"")) | K16: =IF($A16="","",IFERROR(IF(INDEX('Data Input'!$R$6:$R$143,MATCH($A16,'Data Input'!$S$6:$S$143,0))="","",INDEX('Data Input'!$R$6:$R$143,MATCH($A16,'Data Input'!$S$6:$S$143,0))),""))
A17: =IF(12<=$B$3,12,"") -> 12 | B17: =IF($A17="","",INDEX('Data Input'!$C$6:$C$143,MATCH($A17,'Data Input'!$S$6:$S$143,0))) -> Monday | C17: =IF($A17="","",INDEX('Data Input'!$D$6:$D$143,MATCH($A17,'Data Input'!$S$6:$S$143,0))) -> 0.6875 | D17: =IF($A17="","",INDEX('Data Input'!$L$6:$L$143,MATCH($A17,'Data Input'!$S$6:$S$143,0))) -> 2.3258602 | E17: =IF($A17="","",IF(D17>5,"Severe",IF(D17>3,"Moderate","Minor"))) -> Minor | F17: =IF($A17="","",INDEX('Data Input'!$F$6:$F$143,MATCH($A17,'Data Input'!$S$6:$S$143,0))) -> 332 | G17: =IF($A17="","",INDEX('Data Input'!$H$6:$H$143,MATCH($A17,'Data Input'!$S$6:$S$143,0))) -> 22 | H17: =IF($A17="","",INDEX('Data Input'!$I$6:$I$143,MATCH($A17,'Data Input'!$S$6:$S$143,0))) -> 0.06626506 | I17: =IF($A17="","",INDEX('Data Input'!$M$6:$M$143,MATCH($A17,'Data Input'!$S$6:$S$143,0))) -> 461.93375 | J17: =IF($A17="","",IFERROR(IF(INDEX('Data Input'!$Q$6:$Q$143,MATCH($A17,'Data Input'!$S$6:$S$143,0))="","",INDEX('Data Input'!$Q$6:$Q$143,MATCH($A17,'Data Input'!$S$6:$S$143,0))),"")) | K17: =IF($A17="","",IFERROR(IF(INDEX('Data Input'!$R$6:$R$143,MATCH($A17,'Data Input'!$S$6:$S$143,0))="","",INDEX('Data Input'!$R$6:$R$143,MATCH($A17,'Data Input'!$S$6:$S$143,0))),""))
A18: =IF(13<=$B$3,13,"") -> 13 | B18: =IF($A18="","",INDEX('Data Input'!$C$6:$C$143,MATCH($A18,'Data Input'!$S$6:$S$143,0))) -> Monday | C18: =IF($A18="","",INDEX('Data Input'!$D$6:$D$143,MATCH($A18,'Data Input'!$S$6:$S$143,0))) -> 0.75 | D18: =IF($A18="","",INDEX('Data Input'!$L$6:$L$143,MATCH($A18,'Data Input'!$S$6:$S$143,0))) -> 3.3009311 | E18: =IF($A18="","",IF(D18>5,"Severe",IF(D18>3,"Moderate","Minor"))) -> Moderate | F18: =IF($A18="","",INDEX('Data Input'!$F$6:$F$143,MATCH($A18,'Data Input'!$S$6:$S$143,0))) -> 232 | G18: =IF($A18="","",INDEX('Data Input'!$H$6:$H$143,MATCH($A18,'Data Input'!$S$6:$S$143,0))) -> 53 | H18: =IF($A18="","",INDEX('Data Input'!$I$6:$I$143,MATCH($A18,'Data Input'!$S$6:$S$143,0))) -> 0.22844828 | I18: =IF($A18="","",INDEX('Data Input'!$M$6:$M$143,MATCH($A18,'Data Input'!$S$6:$S$143,0))) -> 496.61749 | J18: =IF($A18="","",IFERROR(IF(INDEX('Data Input'!$Q$6:$Q$143,MATCH($A18,'Data Input'!$S$6:$S$143,0))="","",INDEX('Data Input'!$Q$6:$Q$143,MATCH($A18,'Data Input'!$S$6:$S$143,0))),"")) | K18: =IF($A18="","",IFERROR(IF(INDEX('Data Input'!$R$6:$R$143,MATCH($A18,'Data Input'!$S$6:$S$143,0))="","",INDEX('Data Input'!$R$6:$R$143,MATCH($A18,'Data Input'!$S$6:$S$143,0))),""))
A19: =IF(14<=$B$3,14,"") -> 14 | B19: =IF($A19="","",INDEX('Data Input'!$C$6:$C$143,MATCH($A19,'Data Input'!$S$6:$S$143,0))) -> Monday | C19: =IF($A19="","",INDEX('Data Input'!$D$6:$D$143,MATCH($A19,'Data Input'!$S$6:$S$143,0))) -> 0.77083333 | D19: =IF($A19="","",INDEX('Data Input'!$L$6:$L$143,MATCH($A19,'Data Input'!$S$6:$S$143,0))) -> 4.8477053 | E19: =IF($A19="","",IF(D19>5,"Severe",IF(D19>3,"Moderate","Minor"))) -> Moderate | F19: =IF($A19="","",INDEX('Data Input'!$F$6:$F$143,MATCH($A19,'Data Input'!$S$6:$S$143,0))) -> 172 | G19: =IF($A19="","",INDEX('Data Input'!$H$6:$H$143,MATCH($A19,'Data Input'!$S$6:$S$143,0))) -> 34 | H19: =IF($A19="","",INDEX('Data Input'!$I$6:$I$143,MATCH($A19,'Data Input'!$S$6:$S$143,0))) -> 0.19767442 | I19: =IF($A19="","",INDEX('Data Input'!$M$6:$M$143,MATCH($A19,'Data Input'!$S$6:$S$143,0))) -> 465.17808 | J19: =IF($A19="","",IFERROR(IF(INDEX('Data Input'!$Q$6:$Q$143,MATCH($A19,'Data Input'!$S$6:$S$143,0))="","",INDEX('Data Input'!$Q$6:$Q$143,MATCH($A19,'Data Input'!$S$6:$S$143,0))),"")) | K19: =IF($A19="","",IFERROR(IF(INDEX('Data Input'!$R$6:$R$143,MATCH($A19,'Data Input'!$S$6:$S$143,0))="","",INDEX('Data Input'!$R$6:$R$143,MATCH($A19,'Data Input'!$S$6:$S$143,0))),""))
A20: =IF(15<=$B$3,15,"") -> 15 | B20: =IF($A20="","",INDEX('Data Input'!$C$6:$C$143,MATCH($A20,'Data Input'!$S$6:$S$143,0))) -> Monday | C20: =IF($A20="","",INDEX('Data Input'!$D$6:$D$143,MATCH($A20,'Data Input'!$S$6:$S$143,0))) -> 0.79166667 | D20: =IF($A20="","",INDEX('Data Input'!$L$6:$L$143,MATCH($A20,'Data Input'!$S$6:$S$143,0))) -> 5.021131 | E20: =IF($A20="","",IF(D20>5,"Severe",IF(D20>3,"Moderate","Minor"))) -> Severe | F20: =IF($A20="","",INDEX('Data Input'!$F$6:$F$143,MATCH($A20,'Data Input'!$S$6:$S$143,0))) -> 66 | G20: =IF($A20="","",INDEX('Data Input'!$H$6:$H$143,MATCH($A20,'Data Input'!$S$6:$S$143,0))) -> 10 | H20: =IF($A20="","",INDEX('Data Input'!$I$6:$I$143,MATCH($A20,'Data Input'!$S$6:$S$143,0))) -> 0.15151515 | I20: =IF($A20="","",INDEX('Data Input'!$M$6:$M$143,MATCH($A20,'Data Input'!$S$6:$S$143,0))) -> 551.40984 | J20: =IF($A20="","",IFERROR(IF(INDEX('Data Input'!$Q$6:$Q$143,MATCH($A20,'Data Input'!$S$6:$S$143,0))="","",INDEX('Data Input'!$Q$6:$Q$143,MATCH($A20,'Data Input'!$S$6:$S$143,0))),"")) | K20: =IF($A20="","",IFERROR(IF(INDEX('Data Input'!$R$6:$R$143,MATCH($A20,'Data Input'!$S$6:$S$143,0))="","",INDEX('Data Input'!$R$6:$R$143,MATCH($A20,'Data Input'!$S$6:$S$143,0))),""))
A21: =IF(16<=$B$3,16,"") -> 16 | B21: =IF($A21="","",INDEX('Data Input'!$C$6:$C$143,MATCH($A21,'Data Input'!$S$6:$S$143,0))) -> Monday | C21: =IF($A21="","",INDEX('Data Input'!$D$6:$D$143,MATCH($A21,'Data Input'!$S$6:$S$143,0))) -> 0.8125 | D21: =IF($A21="","",INDEX('Data Input'!$L$6:$L$143,MATCH($A21,'Data Input'!$S$6:$S$143,0))) -> 6.25 | E21: =IF($A21="","",IF(D21>5,"Severe",IF(D21>3,"Moderate","Minor"))) -> Severe | F21: =IF($A21="","",INDEX('Data Input'!$F$6:$F$143,MATCH($A21,'Data Input'!$S$6:$S$143,0))) -> 4 | G21: =IF($A21="","",INDEX('Data Input'!$H$6:$H$143,MATCH($A21,'Data Input'!$S$6:$S$143,0))) -> 0 | H21: =IF($A21="","",INDEX('Data Input'!$I$6:$I$143,MATCH($A21,'Data Input'!$S$6:$S$143,0))) -> 0 | I21: =IF($A21="","",INDEX('Data Input'!$M$6:$M$143,MATCH($A21,'Data Input'!$S$6:$S$143,0))) -> 354.8 | J21: =IF($A21="","",IFERROR(IF(INDEX('Data Input'!$Q$6:$Q$143,MATCH($A21,'Data Input'!$S$6:$S$143,0))="","",INDEX('Data Input'!$Q$6:$Q$143,MATCH($A21,'Data Input'!$S$6:$S$143,0))),"")) | K21: =IF($A21="","",IFERROR(IF(INDEX('Data Input'!$R$6:$R$143,MATCH($A21,'Data Input'!$S$6:$S$143,0))="","",INDEX('Data Input'!$R$6:$R$143,MATCH($A21,'Data Input'!$S$6:$S$143,0))),""))
A22: =IF(17<=$B$3,17,"") -> 17 | B22: =IF($A22="","",INDEX('Data Input'!$C$6:$C$143,MATCH($A22,'Data Input'!$S$6:$S$143,0))) -> Tuesday | C22: =IF($A22="","",INDEX('Data Input'!$D$6:$D$143,MATCH($A22,'Data Input'!$S$6:$S$143,0))) -> 0.60416667 | D22: =IF($A22="","",INDEX('Data Input'!$L$6:$L$143,MATCH($A22,'Data Input'!$S$6:$S$143,0))) -> 2.3870766 | E22: =IF($A22="","",IF(D22>5,"Severe",IF(D22>3,"Moderate","Minor"))) -> Minor | F22: =IF($A22="","",INDEX('Data Input'!$F$6:$F$143,MATCH($A22,'Data Input'!$S$6:$S$143,0))) -> 206 | G22: =IF($A22="","",INDEX('Data Input'!$H$6:$H$143,MATCH($A22,'Data Input'!$S$6:$S$143,0))) -> 19 | H22: =IF($A22="","",INDEX('Data Input'!$I$6:$I$143,MATCH($A22,'Data Input'!$S$6:$S$143,0))) -> 0.09223301 | I22: =IF($A22="","",INDEX('Data Input'!$M$6:$M$143,MATCH($A22,'Data Input'!$S$6:$S$143,0))) -> 453.30052 | J22: =IF($A22="","",IFERROR(IF(INDEX('Data Input'!$Q$6:$Q$143,MATCH($A22,'Data Input'!$S$6:$S$143,0))="","",INDEX('Data Input'!$Q$6:$Q$143,MATCH($A22,'Data Input'!$S$6:$S$143,0))),"")) | K22: =IF($A22="","",IFERROR(IF(INDEX('Data Input'!$R$6:$R$143,MATCH($A22,'Data Input'!$S$6:$S$143,0))="","",INDEX('Data Input'!$R$6:$R$143,MATCH($A22,'Data Input'!$S$6:$S$143,0))),""))
A23: =IF(18<=$B$3,18,"") -> 18 | B23: =IF($A23="","",INDEX('Data Input'!$C$6:$C$143,MATCH($A23,'Data Input'!$S$6:$S$143,0))) -> Wednesday | C23: =IF($A23="","",INDEX('Data Input'!$D$6:$D$143,MATCH($A23,'Data Input'!$S$6:$S$143,0))) -> 0.41666667 | D23: =IF($A23="","",INDEX('Data Input'!$L$6:$L$143,MATCH($A23,'Data Input'!$S$6:$S$143,0))) -> 3.2541894 | E23: =IF($A23="","",IF(D23>5,"Severe",IF(D23>3,"Moderate","Minor"))) -> Moderate | F23: =IF($A23="","",INDEX('Data Input'!$F$6:$F$143,MATCH($A23,'Data Input'!$S$6:$S$143,0))) -> 221 | G23: =IF($A23="","",INDEX('Data Input'!$H$6:$H$143,MATCH($A23,'Data Input'!$S$6:$S$143,0))) -> 38 | H23: =IF($A23="","",INDEX('Data Input'!$I$6:$I$143,MATCH($A23,'Data Input'!$S$6:$S$143,0))) -> 0.1719457 | I23: =IF($A23="","",INDEX('Data Input'!$M$6:$M$143,MATCH($A23,'Data Input'!$S$6:$S$143,0))) -> 402.12432 | J23: =IF($A23="","",IFERROR(IF(INDEX('Data Input'!$Q$6:$Q$143,MATCH($A23,'Data Input'!$S$6:$S$143,0))="","",INDEX('Data Input'!$Q$6:$Q$143,MATCH($A23,'Data Input'!$S$6:$S$143,0))),"")) | K23: =IF($A23="","",IFERROR(IF(INDEX('Data Input'!$R$6:$R$143,MATCH($A23,'Data Input'!$S$6:$S$143,0))="","",INDEX('Data Input'!$R$6:$R$143,MATCH($A23,'Data Input'!$S$6:$S$143,0))),""))
A24: =IF(19<=$B$3,19,"") -> 19 | B24: =IF($A24="","",INDEX('Data Input'!$C$6:$C$143,MATCH($A24,'Data Input'!$S$6:$S$143,0))) -> Wednesday | C24: =IF($A24="","",INDEX('Data Input'!$D$6:$D$143,MATCH($A24,'Data Input'!$S$6:$S$143,0))) -> 0.4375 | D24: =IF($A24="","",INDEX('Data Input'!$L$6:$L$143,MATCH($A24,'Data Input'!$S$6:$S$143,0))) -> 3.6851371 | E24: =IF($A24="","",IF(D24>5,"Severe",IF(D24>3,"Moderate","Minor"))) -> Moderate | F24: =IF($A24="","",INDEX('Data Input'!$F$6:$F$143,MATCH($A24,'Data Input'!$S$6:$S$143,0))) -> 259 | G24: =IF($A24="","",INDEX('Data Input'!$H$6:$H$143,MATCH($A24,'Data Input'!$S$6:$S$143,0))) -> 28 | H24: =IF($A24="","",INDEX('Data Input'!$I$6:$I$143,MATCH($A24,'Data Input'!$S$6:$S$143,0))) -> 0.10810811 | I24: =IF($A24="","",INDEX('Data Input'!$M$6:$M$143,MATCH($A24,'Data Input'!$S$6:$S$143,0))) -> 454.63404 | J24: =IF($A24="","",IFERROR(IF(INDEX('Data Input'!$Q$6:$Q$143,MATCH($A24,'Data Input'!$S$6:$S$143,0))="","",INDEX('Data Input'!$Q$6:$Q$143,MATCH($A24,'Data Input'!$S$6:$S$143,0))),"")) | K24: =IF($A24="","",IFERROR(IF(INDEX('Data Input'!$R$6:$R$143,MATCH($A24,'Data Input'!$S$6:$S$143,0))="","",INDEX('Data Input'!$R$6:$R$143,MATCH($A24,'Data Input'!$S$6:$S$143,0))),""))
A25: =IF(20<=$B$3,20,"") -> 20 | B25: =IF($A25="","",INDEX('Data Input'!$C$6:$C$143,MATCH($A25,'Data Input'!$S$6:$S$143,0))) -> Wednesday | C25: =IF($A25="","",INDEX('Data Input'!$D$6:$D$143,MATCH($A25,'Data Input'!$S$6:$S$143,0))) -> 0.45833333 | D25: =IF($A25="","",INDEX('Data Input'!$L$6:$L$143,MATCH($A25,'Data Input'!$S$6:$S$143,0))) -> 2.4049059 | E25: =IF($A25="","",IF(D25>5,"Severe",IF(D25>3,"Moderate","Minor"))) -> Minor | F25: =IF($A25="","",INDEX('Data Input'!$F$6:$F$143,MATCH($A25,'Data Input'!$S$6:$S$143,0))) -> 271 | G25: =IF($A25="","",INDEX('Data Input'!$H$6:$H$143,MATCH($A25,'Data Input'!$S$6:$S$143,0))) -> 23 | H25: =IF($A25="","",INDEX('Data Input'!$I$6:$I$143,MATCH($A25,'Data Input'!$S$6:$S$143,0))) -> 0.084870849 | I25: =IF($A25="","",INDEX('Data Input'!$M$6:$M$143,MATCH($A25,'Data Input'!$S$6:$S$143,0))) -> 455.98016 | J25: =IF($A25="","",IFERROR(IF(INDEX('Data Input'!$Q$6:$Q$143,MATCH($A25,'Data Input'!$S$6:$S$143,0))="","",INDEX('Data Input'!$Q$6:$Q$143,MATCH($A25,'Data Input'!$S$6:$S$143,0))),"")) | K25: =IF($A25="","",IFERROR(IF(INDEX('Data Input'!$R$6:$R$143,MATCH($A25,'Data Input'!$S$6:$S$143,0))="","",INDEX('Data Input'!$R$6:$R$143,MATCH($A25,'Data Input'!$S$6:$S$143,0))),""))
A26: =IF(21<=$B$3,21,"") -> 21 | B26: =IF($A26="","",INDEX('Data Input'!$C$6:$C$143,MATCH($A26,'Data Input'!$S$6:$S$143,0))) -> Wednesday | C26: =IF($A26="","",INDEX('Data Input'!$D$6:$D$143,MATCH($A26,'Data Input'!$S$6:$S$143,0))) -> 0.5 | D26: =IF($A26="","",INDEX('Data Input'!$L$6:$L$143,MATCH($A26,'Data Input'!$S$6:$S$143,0))) -> 3.2457989 | E26: =IF($A26="","",IF(D26>5,"Severe",IF(D26>3,"Moderate","Minor"))) -> Moderate | F26: =IF($A26="","",INDEX('Data Input'!$F$6:$F$143,MATCH($A26,'Data Input'!$S$6:$S$143,0))) -> 276 | G26: =IF($A26="","",INDEX('Data Input'!$H$6:$H$143,MATCH($A26,'Data Input'!$S$6:$S$143,0))) -> 34 | H26: =IF($A26="","",INDEX('Data Input'!$I$6:$I$143,MATCH($A26,'Data Input'!$S$6:$S$143,0))) -> 0.12318841 | I26: =IF($A26="","",INDEX('Data Input'!$M$6:$M$143,MATCH($A26,'Data Input'!$S$6:$S$143,0))) -> 444.76707 | J26: =IF($A26="","",IFERROR(IF(INDEX('Data Input'!$Q$6:$Q$143,MATCH($A26,'Data Input'!$S$6:$S$143,0))="","",INDEX('Data Input'!$Q$6:$Q$143,MATCH($A26,'Data Input'!$S$6:$S$143,0))),"")) | K26: =IF($A26="","",IFERROR(IF(INDEX('Data Input'!$R$6:$R$143,MATCH($A26,'Data Input'!$S$6:$S$143,0))="","",INDEX('Data Input'!$R$6:$R$143,MATCH($A26,'Data Input'!$S$6:$S$143,0))),""))
A27: =IF(22<=$B$3,22,"") -> 22 | B27: =IF($A27="","",INDEX('Data Input'!$C$6:$C$143,MATCH($A27,'Data Input'!$S$6:$S$143,0))) -> Wednesday | C27: =IF($A27="","",INDEX('Data Input'!$D$6:$D$143,MATCH($A27,'Data Input'!$S$6:$S$143,0))) -> 0.52083333 | D27: =IF($A27="","",INDEX('Data Input'!$L$6:$L$143,MATCH($A27,'Data Input'!$S$6:$S$143,0))) -> 4.362963 | E27: =IF($A27="","",IF(D27>5,"Severe",IF(D27>3,"Moderate","Minor"))) -> Moderate | F27: =IF($A27="","",INDEX('Data Input'!$F$6:$F$143,MATCH($A27,'Data Input'!$S$6:$S$143,0))) -> 268 | G27: =IF($A27="","",INDEX('Data Input'!$H$6:$H$143,MATCH($A27,'Data Input'!$S$6:$S$143,0))) -> 61 | H27: =IF($A27="","",INDEX('Data Input'!$I$6:$I$143,MATCH($A27,'Data Input'!$S$6:$S$143,0))) -> 0.22761194 | I27: =IF($A27="","",INDEX('Data Input'!$M$6:$M$143,MATCH($A27,'Data Input'!$S$6:$S$143,0))) -> 436.46789 | J27: =IF($A27="","",IFERROR(IF(INDEX('Data Input'!$Q$6:$Q$143,MATCH($A27,'Data Input'!$S$6:$S$143,0))="","",INDEX('Data Input'!$Q$6:$Q$143,MATCH($A27,'Data Input'!$S$6:$S$143,0))),"")) | K27: =IF($A27="","",IFERROR(IF(INDEX('Data Input'!$R$6:$R$143,MATCH($A27,'Data Input'!$S$6:$S$143,0))="","",INDEX('Data Input'!$R$6:$R$143,MATCH($A27,'Data Input'!$S$6:$S$143,0))),""))
A28: =IF(23<=$B$3,23,"") -> 23 | B28: =IF($A28="","",INDEX('Data Input'!$C$6:$C$143,MATCH($A28,'Data Input'!$S$6:$S$143,0))) -> Wednesday | C28: =IF($A28="","",INDEX('Data Input'!$D$6:$D$143,MATCH($A28,'Data Input'!$S$6:$S$143,0))) -> 0.54166667 | D28: =IF($A28="","",INDEX('Data Input'!$L$6:$L$143,MATCH($A28,'Data Input'!$S$6:$S$143,0))) -> 4.4589094 | E28: =IF($A28="","",IF(D28>5,"Severe",IF(D28>3,"Moderate","Minor"))) -> Moderate | F28: =IF($A28="","",INDEX('Data Input'!$F$6:$F$143,MATCH($A28,'Data Input'!$S$6:$S$143,0))) -> 257 | G28: =IF($A28="","",INDEX('Data Input'!$H$6:$H$143,MATCH($A28,'Data Input'!$S$6:$S$143,0))) -> 40 | H28: =IF($A28="","",INDEX('Data Input'!$I$6:$I$143,MATCH($A28,'Data Input'!$S$6:$S$143,0))) -> 0.15564202 | I28: =IF($A28="","",INDEX('Data Input'!$M$6:$M$143,MATCH($A28,'Data Input'!$S$6:$S$143,0))) -> 407.85202 | J28: =IF($A28="","",IFERROR(IF(INDEX('Data Input'!$Q$6:$Q$143,MATCH($A28,'Data Input'!$S$6:$S$143,0))="","",INDEX('Data Input'!$Q$6:$Q$143,MATCH($A28,'Data Input'!$S$6:$S$143,0))),"")) | K28: =IF($A28="","",IFERROR(IF(INDEX('Data Input'!$R$6:$R$143,MATCH($A28,'Data Input'!$S$6:$S$143,0))="","",INDEX('Data Input'!$R$6:$R$143,MATCH($A28,'Data Input'!$S$6:$S$143,0))),""))
A29: =IF(24<=$B$3,24,"") -> 24 | B29: =IF($A29="","",INDEX('Data Input'!$C$6:$C$143,MATCH($A29,'Data Input'!$S$6:$S$143,0))) -> Wednesday | C29: =IF($A29="","",INDEX('Data Input'!$D$6:$D$143,MATCH($A29,'Data Input'!$S$6:$S$143,0))) -> 0.5625 | D29: =IF($A29="","",INDEX('Data Input'!$L$6:$L$143,MATCH($A29,'Data Input'!$S$6:$S$143,0))) -> 4.0043115 | E29: =IF($A29="","",IF(D29>5,"Severe",IF(D29>3,"Moderate","Minor"))) -> Moderate | F29: =IF($A29="","",INDEX('Data Input'!$F$6:$F$143,MATCH($A29,'Data Input'!$S$6:$S$143,0))) -> 302 | G29: =IF($A29="","",INDEX('Data Input'!$H$6:$H$143,MATCH($A29,'Data Input'!$S$6:$S$143,0))) -> 43 | H29: =IF($A29="","",INDEX('Data Input'!$I$6:$I$143,MATCH($A29,'Data Input'!$S$6:$S$143,0))) -> 0.14238411 | I29: =IF($A29="","",INDEX('Data Input'!$M$6:$M$143,MATCH($A29,'Data Input'!$S$6:$S$143,0))) -> 434.38202 | J29: =IF($A29="","",IFERROR(IF(INDEX('Data Input'!$Q$6:$Q$143,MATCH($A29,'Data Input'!$S$6:$S$143,0))="","",INDEX('Data Input'!$Q$6:$Q$143,MATCH($A29,'Data Input'!$S$6:$S$143,0))),"")) | K29: =IF($A29="","",IFERROR(IF(INDEX('Data Input'!$R$6:$R$143,MATCH($A29,'Data Input'!$S$6:$S$143,0))="","",INDEX('Data Input'!$R$6:$R$143,MATCH($A29,'Data Input'!$S$6:$S$143,0))),""))
A30: =IF(25<=$B$3,25,"") -> 25 | B30: =IF($A30="","",INDEX('Data Input'!$C$6:$C$143,MATCH($A30,'Data Input'!$S$6:$S$143,0))) -> Wednesday | C30: =IF($A30="","",INDEX('Data Input'!$D$6:$D$143,MATCH($A30,'Data Input'!$S$6:$S$143,0))) -> 0.58333333 | D30: =IF($A30="","",INDEX('Data Input'!$L$6:$L$143,MATCH($A30,'Data Input'!$S$6:$S$143,0))) -> 4.4016355 | E30: =IF($A30="","",IF(D30>5,"Severe",IF(D30>3,"Moderate","Minor"))) -> Moderate | F30: =IF($A30="","",INDEX('Data Input'!$F$6:$F$143,MATCH($A30,'Data Input'!$S$6:$S$143,0))) -> 251 | G30: =IF($A30="","",INDEX('Data Input'!$H$6:$H$143,MATCH($A30,'Data Input'!$S$6:$S$143,0))) -> 37 | H30: =IF($A30="","",INDEX('Data Input'!$I$6:$I$143,MATCH($A30,'Data Input'!$S$6:$S$143,0))) -> 0.14741036 | I30: =IF($A30="","",INDEX('Data Input'!$M$6:$M$143,MATCH($A30,'Data Input'!$S$6:$S$143,0))) -> 416.52018 | J30: =IF($A30="","",IFERROR(IF(INDEX('Data Input'!$Q$6:$Q$143,MATCH($A30,'Data Input'!$S$6:$S$143,0))="","",INDEX('Data Input'!$Q$6:$Q$143,MATCH($A30,'Data Input'!$S$6:$S$143,0))),"")) | K30: =IF($A30="","",IFERROR(IF(INDEX('Data Input'!$R$6:$R$143,MATCH($A30,'Data Input'!$S$6:$S$143,0))="","",INDEX('Data Input'!$R$6:$R$143,MATCH($A30,'Data Input'!$S$6:$S$143,0))),""))
A31: =IF(26<=$B$3,26,"") -> 26 | B31: =IF($A31="","",INDEX('Data Input'!$C$6:$C$143,MATCH($A31,'Data Input'!$S$6:$S$143,0))) -> Wednesday | C31: =IF($A31="","",INDEX('Data Input'!$D$6:$D$143,MATCH($A31,'Data Input'!$S$6:$S$143,0))) -> 0.60416667 | D31: =IF($A31="","",INDEX('Data Input'!$L$6:$L$143,MATCH($A31,'Data Input'!$S$6:$S$143,0))) -> 5.9863732 | E31: =IF($A31="","",IF(D31>5,"Severe",IF(D31>3,"Moderate","Minor"))) -> Severe | F31: =IF($A31="","",INDEX('Data Input'!$F$6:$F$143,MATCH($A31,'Data Input'!$S$6:$S$143,0))) -> 240 | G31: =IF($A31="","",INDEX('Data Input'!$H$6:$H$143,MATCH($A31,'Data Input'!$S$6:$S$143,0))) -> 81 | H31: =IF($A31="","",INDEX('Data Input'!$I$6:$I$143,MATCH($A31,'Data Input'!$S$6:$S$143,0))) -> 0.3375 | I31: =IF($A31="","",INDEX('Data Input'!$M$6:$M$143,MATCH($A31,'Data Input'!$S$6:$S$143,0))) -> 463.56024 | J31: =IF($A31="","",IFERROR(IF(INDEX('Data Input'!$Q$6:$Q$143,MATCH($A31,'Data Input'!$S$6:$S$143,0))="","",INDEX('Data Input'!$Q$6:$Q$143,MATCH($A31,'Data Input'!$S$6:$S$143,0))),"")) | K31: =IF($A31="","",IFERROR(IF(INDEX('Data Input'!$R$6:$R$143,MATCH($A31,'Data Input'!$S$6:$S$143,0))="","",INDEX('Data Input'!$R$6:$R$143,MATCH($A31,'Data Input'!$S$6:$S$143,0))),""))
A32: =IF(27<=$B$3,27,"") -> 27 | B32: =IF($A32="","",INDEX('Data Input'!$C$6:$C$143,MATCH($A32,'Data Input'!$S$6:$S$143,0))) -> Wednesday | C32: =IF($A32="","",INDEX('Data Input'!$D$6:$D$143,MATCH($A32,'Data Input'!$S$6:$S$143,0))) -> 0.625 | D32: =IF($A32="","",INDEX('Data Input'!$L$6:$L$143,MATCH($A32,'Data Input'!$S$6:$S$143,0))) -> 5.9647196 | E32: =IF($A32="","",IF(D32>5,"Severe",IF(D32>3,"Moderate","Minor"))) -> Severe | F32: =IF($A32="","",INDEX('Data Input'!$F$6:$F$143,MATCH($A32,'Data Input'!$S$6:$S$143,0))) -> 264 | G32: =IF($A32="","",INDEX('Data Input'!$H$6:$H$143,MATCH($A32,'Data Input'!$S$6:$S$143,0))) -> 50 | H32: =IF($A32="","",INDEX('Data Input'!$I$6:$I$143,MATCH($A32,'Data Input'!$S$6:$S$143,0))) -> 0.18939394 | I32: =IF($A32="","",INDEX('Data Input'!$M$6:$M$143,MATCH($A32,'Data Input'!$S$6:$S$143,0))) -> 441.33484 | J32: =IF($A32="","",IFERROR(IF(INDEX('Data Input'!$Q$6:$Q$143,MATCH($A32,'Data Input'!$S$6:$S$143,0))="","",INDEX('Data Input'!$Q$6:$Q$143,MATCH($A32,'Data Input'!$S$6:$S$143,0))),"")) | K32: =IF($A32="","",IFERROR(IF(INDEX('Data Input'!$R$6:$R$143,MATCH($A32,'Data Input'!$S$6:$S$143,0))="","",INDEX('Data Input'!$R$6:$R$143,MATCH($A32,'Data Input'!$S$6:$S$143,0))),""))
A33: =IF(28<=$B$3,28,"") -> 28 | B33: =IF($A33="","",INDEX('Data Input'!$C$6:$C$143,MATCH($A33,'Data Input'!$S$6:$S$143,0))) -> Wednesday | C33: =IF($A33="","",INDEX('Data Input'!$D$6:$D$143,MATCH($A33,'Data Input'!$S$6:$S$143,0))) -> 0.64583333 | D33: =IF($A33="","",INDEX('Data Input'!$L$6:$L$143,MATCH($A33,'Data Input'!$S$6:$S$143,0))) -> 2.6217842 | E33: =IF($A33="","",IF(D33>5,"Severe",IF(D33>3,"Moderate","Minor"))) -> Minor | F33: =IF($A33="","",INDEX('Data Input'!$F$6:$F$143,MATCH($A33,'Data Input'!$S$6:$S$143,0))) -> 261 | G33: =IF($A33="","",INDEX('Data Input'!$H$6:$H$143,MATCH($A33,'Data Input'!$S$6:$S$143,0))) -> 20 | H33: =IF($A33="","",INDEX('Data Input'!$I$6:$I$143,MATCH($A33,'Data Input'!$S$6:$S$143,0))) -> 0.076628352 | I33: =IF($A33="","",INDEX('Data Input'!$M$6:$M$143,MATCH($A33,'Data Input'!$S$6:$S$143,0))) -> 477.28862 | J33: =IF($A33="","",IFERROR(IF(INDEX('Data Input'!$Q$6:$Q$143,MATCH($A33,'Data Input'!$S$6:$S$143,0))="","",INDEX('Data Input'!$Q$6:$Q$143,MATCH($A33,'Data Input'!$S$6:$S$143,0))),"")) | K33: =IF($A33="","",IFERROR(IF(INDEX('Data Input'!$R$6:$R$143,MATCH($A33,'Data Input'!$S$6:$S$143,0))="","",INDEX('Data Input'!$R$6:$R$143,MATCH($A33,'Data Input'!$S$6:$S$143,0))),""))
A34: =IF(29<=$B$3,29,"") -> 29 | B34: =IF($A34="","",INDEX('Data Input'!$C$6:$C$143,MATCH($A34,'Data Input'!$S$6:$S$143,0))) -> Wednesday | C34: =IF($A34="","",INDEX('Data Input'!$D$6:$D$143,MATCH($A34,'Data Input'!$S$6:$S$143,0))) -> 0.70833333 | D34: =IF($A34="","",INDEX('Data Input'!$L$6:$L$143,MATCH($A34,'Data Input'!$S$6:$S$143,0))) -> 2.5352881 | E34: =IF($A34="","",IF(D34>5,"Severe",IF(D34>3,"Moderate","Minor"))) -> Minor | F34: =IF($A34="","",INDEX('Data Input'!$F$6:$F$143,MATCH($A34,'Data Input'!$S$6:$S$143,0))) -> 208 | G34: =IF($A34="","",INDEX('Data Input'!$H$6:$H$143,MATCH($A34,'Data Input'!$S$6:$S$143,0))) -> 46 | H34: =IF($A34="","",INDEX('Data Input'!$I$6:$I$143,MATCH($A34,'Data Input'!$S$6:$S$143,0))) -> 0.22115385 | I34: =IF($A34="","",INDEX('Data Input'!$M$6:$M$143,MATCH($A34,'Data Input'!$S$6:$S$143,0))) -> 467.70115 | J34: =IF($A34="","",IFERROR(IF(INDEX('Data Input'!$Q$6:$Q$143,MATCH($A34,'Data Input'!$S$6:$S$143,0))="","",INDEX('Data Input'!$Q$6:$Q$143,MATCH($A34,'Data Input'!$S$6:$S$143,0))),"")) | K34: =IF($A34="","",IFERROR(IF(INDEX('Data Input'!$R$6:$R$143,MATCH($A34,'Data Input'!$S$6:$S$143,0))="","",INDEX('Data Input'!$R$6:$R$143,MATCH($A34,'Data Input'!$S$6:$S$143,0))),""))
A35: =IF(30<=$B$3,30,"") -> 30 | B35: =IF($A35="","",INDEX('Data Input'!$C$6:$C$143,MATCH($A35,'Data Input'!$S$6:$S$143,0))) -> Wednesday | C35: =IF($A35="","",INDEX('Data Input'!$D$6:$D$143,MATCH($A35,'Data Input'!$S$6:$S$143,0))) -> 0.72916667 | D35: =IF($A35="","",INDEX('Data Input'!$L$6:$L$143,MATCH($A35,'Data Input'!$S$6:$S$143,0))) -> 7.8756637 | E35: =IF($A35="","",IF(D35>5,"Severe",IF(D35>3,"Moderate","Minor"))) -> Severe | F35: =IF($A35="","",INDEX('Data Input'!$F$6:$F$143,MATCH($A35,'Data Input'!$S$6:$S$143,0))) -> 204 | G35: =IF($A35="","",INDEX('Data Input'!$H$6:$H$143,MATCH($A35,'Data Input'!$S$6:$S$143,0))) -> 91 | H35: =IF($A35="","",INDEX('Data Input'!$I$6:$I$143,MATCH($A35,'Data Input'!$S$6:$S$143,0))) -> 0.44607843 | I35: =IF($A35="","",INDEX('Data Input'!$M$6:$M$143,MATCH($A35,'Data Input'!$S$6:$S$143,0))) -> 440.89474 | J35: =IF($A35="","",IFERROR(IF(INDEX('Data Input'!$Q$6:$Q$143,MATCH($A35,'Data Input'!$S$6:$S$143,0))="","",INDEX('Data Input'!$Q$6:$Q$143,MATCH($A35,'Data Input'!$S$6:$S$143,0))),"")) | K35: =IF($A35="","",IFERROR(IF(INDEX('Data Input'!$R$6:$R$143,MATCH($A35,'Data Input'!$S$6:$S$143,0))="","",INDEX('Data Input'!$R$6:$R$143,MATCH($A35,'Data Input'!$S$6:$S$143,0))),""))
A36: =IF(31<=$B$3,31,"") -> 31 | B36: =IF($A36="","",INDEX('Data Input'!$C$6:$C$143,MATCH($A36,'Data Input'!$S$6:$S$143,0))) -> Wednesday | C36: =IF($A36="","",INDEX('Data Input'!$D$6:$D$143,MATCH($A36,'Data Input'!$S$6:$S$143,0))) -> 0.75 | D36: =IF($A36="","",INDEX('Data Input'!$L$6:$L$143,MATCH($A36,'Data Input'!$S$6:$S$143,0))) -> 11.254372 | E36: =IF($A36="","",IF(D36>5,"Severe",IF(D36>3,"Moderate","Minor"))) -> Severe | F36: =IF($A36="","",INDEX('Data Input'!$F$6:$F$143,MATCH($A36,'Data Input'!$S$6:$S$143,0))) -> 205 | G36: =IF($A36="","",INDEX('Data Input'!$H$6:$H$143,MATCH($A36,'Data Input'!$S$6:$S$143,0))) -> 83 | H36: =IF($A36="","",INDEX('Data Input'!$I$6:$I$143,MATCH($A36,'Data Input'!$S$6:$S$143,0))) -> 0.40487805 | I36: =IF($A36="","",INDEX('Data Input'!$M$6:$M$143,MATCH($A36,'Data Input'!$S$6:$S$143,0))) -> 483.22656 | J36: =IF($A36="","",IFERROR(IF(INDEX('Data Input'!$Q$6:$Q$143,MATCH($A36,'Data Input'!$S$6:$S$143,0))="","",INDEX('Data Input'!$Q$6:$Q$143,MATCH($A36,'Data Input'!$S$6:$S$143,0))),"")) | K36: =IF($A36="","",IFERROR(IF(INDEX('Data Input'!$R$6:$R$143,MATCH($A36,'Data Input'!$S$6:$S$143,0))="","",INDEX('Data Input'!$R$6:$R$143,MATCH($A36,'Data Input'!$S$6:$S$143,0))),""))
A37: =IF(32<=$B$3,32,"") -> 32 | B37: =IF($A37="","",INDEX('Data Input'!$C$6:$C$143,MATCH($A37,'Data Input'!$S$6:$S$143,0))) -> Wednesday | C37: =IF($A37="","",INDEX('Data Input'!$D$6:$D$143,MATCH($A37,'Data Input'!$S$6:$S$143,0))) -> 0.77083333 | D37: =IF($A37="","",INDEX('Data Input'!$L$6:$L$143,MATCH($A37,'Data Input'!$S$6:$S$143,0))) -> 8.4553517 | E37: =IF($A37="","",IF(D37>5,"Severe",IF(D37>3,"Moderate","Minor"))) -> Severe | F37: =IF($A37="","",INDEX('Data Input'!$F$6:$F$143,MATCH($A37,'Data Input'!$S$6:$S$143,0))) -> 167 | G37: =IF($A37="","",INDEX('Data Input'!$H$6:$H$143,MATCH($A37,'Data Input'!$S$6:$S$143,0))) -> 58 | H37: =IF($A37="","",INDEX('Data Input'!$I$6:$I$143,MATCH($A37,'Data Input'!$S$6:$S$143,0))) -> 0.34730539 | I37: =IF($A37="","",INDEX('Data Input'!$M$6:$M$143,MATCH($A37,'Data Input'!$S$6:$S$143,0))) -> 470.75221 | J37: =IF($A37="","",IFERROR(IF(INDEX('Data Input'!$Q$6:$Q$143,MATCH($A37,'Data Input'!$S$6:$S$143,0))="","",INDEX('Data Input'!$Q$6:$Q$143,MATCH($A37,'Data Input'!$S$6:$S$143,0))),"")) | K37: =IF($A37="","",IFERROR(IF(INDEX('Data Input'!$R$6:$R$143,MATCH($A37,'Data Input'!$S$6:$S$143,0))="","",INDEX('Data Input'!$R$6:$R$143,MATCH($A37,'Data Input'!$S$6:$S$143,0))),""))
A38: =IF(33<=$B$3,33,"") -> 33 | B38: =IF($A38="","",INDEX('Data Input'!$C$6:$C$143,MATCH($A38,'Data Input'!$S$6:$S$143,0))) -> Wednesday | C38: =IF($A38="","",INDEX('Data Input'!$D$6:$D$143,MATCH($A38,'Data Input'!$S$6:$S$143,0))) -> 0.79166667 | D38: =IF($A38="","",INDEX('Data Input'!$L$6:$L$143,MATCH($A38,'Data Input'!$S$6:$S$143,0))) -> 12.584848 | E38: =IF($A38="","",IF(D38>5,"Severe",IF(D38>3,"Moderate","Minor"))) -> Severe | F38: =IF($A38="","",INDEX('Data Input'!$F$6:$F$143,MATCH($A38,'Data Input'!$S$6:$S$143,0))) -> 51 | G38: =IF($A38="","",INDEX('Data Input'!$H$6:$H$143,MATCH($A38,'Data Input'!$S$6:$S$143,0))) -> 7 | H38: =IF($A38="","",INDEX('Data Input'!$I$6:$I$143,MATCH($A38,'Data Input'!$S$6:$S$143,0))) -> 0.1372549 | I38: =IF($A38="","",INDEX('Data Input'!$M$6:$M$143,MATCH($A38,'Data Input'!$S$6:$S$143,0))) -> 703.97778 | J38: =IF($A38="","",IFERROR(IF(INDEX('Data Input'!$Q$6:$Q$143,MATCH($A38,'Data Input'!$S$6:$S$143,0))="","",INDEX('Data Input'!$Q$6:$Q$143,MATCH($A38,'Data Input'!$S$6:$S$143,0))),"")) | K38: =IF($A38="","",IFERROR(IF(INDEX('Data Input'!$R$6:$R$143,MATCH($A38,'Data Input'!$S$6:$S$143,0))="","",INDEX('Data Input'!$R$6:$R$143,MATCH($A38,'Data Input'!$S$6:$S$143,0))),""))
A39: =IF(34<=$B$3,34,"") -> 34 | B39: =IF($A39="","",INDEX('Data Input'!$C$6:$C$143,MATCH($A39,'Data Input'!$S$6:$S$143,0))) -> Wednesday | C39: =IF($A39="","",INDEX('Data Input'!$D$6:$D$143,MATCH($A39,'Data Input'!$S$6:$S$143,0))) -> 0.8125 | D39: =IF($A39="","",INDEX('Data Input'!$L$6:$L$143,MATCH($A39,'Data Input'!$S$6:$S$143,0))) -> 17.833333 | E39: =IF($A39="","",IF(D39>5,"Severe",IF(D39>3,"Moderate","Minor"))) -> Severe | F39: =IF($A39="","",INDEX('Data Input'!$F$6:$F$143,MATCH($A39,'Data Input'!$S$6:$S$143,0))) -> 2 | G39: =IF($A39="","",INDEX('Data Input'!$H$6:$H$143,MATCH($A39,'Data Input'!$S$6:$S$143,0))) -> 0 | H39: =IF($A39="","",INDEX('Data Input'!$I$6:$I$143,MATCH($A39,'Data Input'!$S$6:$S$143,0))) -> 0 | I39: =IF($A39="","",INDEX('Data Input'!$M$6:$M$143,MATCH($A39,'Data Input'!$S$6:$S$143,0))) -> 581.5 | J39: =IF($A39="","",IFERROR(IF(INDEX('Data Input'!$Q$6:$Q$143,MATCH($A39,'Data Input'!$S$6:$S$143,0))="","",INDEX('Data Input'!$Q$6:$Q$143,MATCH($A39,'Data Input'!$S$6:$S$143,0))),"")) | K39: =IF($A39="","",IFERROR(IF(INDEX('Data Input'!$R$6:$R$143,MATCH($A39,'Data Input'!$S$6:$S$143,0))="","",INDEX('Data Input'!$R$6:$R$143,MATCH($A39,'Data Input'!$S$6:$S$143,0))),""))
A40: =IF(35<=$B$3,35,"") -> 35 | B40: =IF($A40="","",INDEX('Data Input'!$C$6:$C$143,MATCH($A40,'Data Input'!$S$6:$S$143,0))) -> Thursday | C40: =IF($A40="","",INDEX('Data Input'!$D$6:$D$143,MATCH($A40,'Data Input'!$S$6:$S$143,0))) -> 0.35416667 | D40: =IF($A40="","",INDEX('Data Input'!$L$6:$L$143,MATCH($A40,'Data Input'!$S$6:$S$143,0))) -> 2.9717172 | E40: =IF($A40="","",IF(D40>5,"Severe",IF(D40>3,"Moderate","Minor"))) -> Minor | F40: =IF($A40="","",INDEX('Data Input'!$F$6:$F$143,MATCH($A40,'Data Input'!$S$6:$S$143,0))) -> 117 | G40: =IF($A40="","",INDEX('Data Input'!$H$6:$H$143,MATCH($A40,'Data Input'!$S$6:$S$143,0))) -> 18 | H40: =IF($A40="","",INDEX('Data Input'!$I$6:$I$143,MATCH($A40,'Data Input'!$S$6:$S$143,0))) -> 0.15384615 | I40: =IF($A40="","",INDEX('Data Input'!$M$6:$M$143,MATCH($A40,'Data Input'!$S$6:$S$143,0))) -> 462.43 | J40: =IF($A40="","",IFERROR(IF(INDEX('Data Input'!$Q$6:$Q$143,MATCH($A40,'Data Input'!$S$6:$S$143,0))="","",INDEX('Data Input'!$Q$6:$Q$143,MATCH($A40,'Data Input'!$S$6:$S$143,0))),"")) | K40: =IF($A40="","",IFERROR(IF(INDEX('Data Input'!$R$6:$R$143,MATCH($A40,'Data Input'!$S$6:$S$143,0))="","",INDEX('Data Input'!$R$6:$R$143,MATCH($A40,'Data Input'!$S$6:$S$143,0))),""))
A41: =IF(36<=$B$3,36,"") -> 36 | B41: =IF($A41="","",INDEX('Data Input'!$C$6:$C$143,MATCH($A41,'Data Input'!$S$6:$S$143,0))) -> Thursday | C41: =IF($A41="","",INDEX('Data Input'!$D$6:$D$143,MATCH($A41,'Data Input'!$S$6:$S$143,0))) -> 0.375 | D41: =IF($A41="","",INDEX('Data Input'!$L$6:$L$143,MATCH($A41,'Data Input'!$S$6:$S$143,0))) -> 5.9192506 | E41: =IF($A41="","",IF(D41>5,"Severe",IF(D41>3,"Moderate","Minor"))) -> Severe | F41: =IF($A41="","",INDEX('Data Input'!$F$6:$F$143,MATCH($A41,'Data Input'!$S$6:$S$143,0))) -> 174 | G41: =IF($A41="","",INDEX('Data Input'!$H$6:$H$143,MATCH($A41,'Data Input'!$S$6:$S$143,0))) -> 45 | H41: =IF($A41="","",INDEX('Data Input'!$I$6:$I$143,MATCH($A41,'Data Input'!$S$6:$S$143,0))) -> 0.25862069 | I41: =IF($A41="","",INDEX('Data Input'!$M$6:$M$143,MATCH($A41,'Data Input'!$S$6:$S$143,0))) -> 489.53731 | J41: =IF($A41="","",IFERROR(IF(INDEX('Data Input'!$Q$6:$Q$143,MATCH($A41,'Data Input'!$S$6:$S$143,0))="","",INDEX('Data Input'!$Q$6:$Q$143,MATCH($A41,'Data Input'!$S$6:$S$143,0))),"")) | K41: =IF($A41="","",IFERROR(IF(INDEX('Data Input'!$R$6:$R$143,MATCH($A41,'Data Input'!$S$6:$S$143,0))="","",INDEX('Data Input'!$R$6:$R$143,MATCH($A41,'Data Input'!$S$6:$S$143,0))),""))
A42: =IF(37<=$B$3,37,"") -> 37 | B42: =IF($A42="","",INDEX('Data Input'!$C$6:$C$143,MATCH($A42,'Data Input'!$S$6:$S$143,0))) -> Thursday | C42: =IF($A42="","",INDEX('Data Input'!$D$6:$D$143,MATCH($A42,'Data Input'!$S$6:$S$143,0))) -> 0.39583333 | D42: =IF($A42="","",INDEX('Data Input'!$L$6:$L$143,MATCH($A42,'Data Input'!$S$6:$S$143,0))) -> 5.1988304 | E42: =IF($A42="","",IF(D42>5,"Severe",IF(D42>3,"Moderate","Minor"))) -> Severe | F42: =IF($A42="","",INDEX('Data Input'!$F$6:$F$143,MATCH($A42,'Data Input'!$S$6:$S$143,0))) -> 174 | G42: =IF($A42="","",INDEX('Data Input'!$H$6:$H$143,MATCH($A42,'Data Input'!$S$6:$S$143,0))) -> 60 | H42: =IF($A42="","",INDEX('Data Input'!$I$6:$I$143,MATCH($A42,'Data Input'!$S$6:$S$143,0))) -> 0.34482759 | I42: =IF($A42="","",INDEX('Data Input'!$M$6:$M$143,MATCH($A42,'Data Input'!$S$6:$S$143,0))) -> 456.30769 | J42: =IF($A42="","",IFERROR(IF(INDEX('Data Input'!$Q$6:$Q$143,MATCH($A42,'Data Input'!$S$6:$S$143,0))="","",INDEX('Data Input'!$Q$6:$Q$143,MATCH($A42,'Data Input'!$S$6:$S$143,0))),"")) | K42: =IF($A42="","",IFERROR(IF(INDEX('Data Input'!$R$6:$R$143,MATCH($A42,'Data Input'!$S$6:$S$143,0))="","",INDEX('Data Input'!$R$6:$R$143,MATCH($A42,'Data Input'!$S$6:$S$143,0))),""))
A43: =IF(38<=$B$3,38,"") -> 38 | B43: =IF($A43="","",INDEX('Data Input'!$C$6:$C$143,MATCH($A43,'Data Input'!$S$6:$S$143,0))) -> Thursday | C43: =IF($A43="","",INDEX('Data Input'!$D$6:$D$143,MATCH($A43,'Data Input'!$S$6:$S$143,0))) -> 0.41666667 | D43: =IF($A43="","",INDEX('Data Input'!$L$6:$L$143,MATCH($A43,'Data Input'!$S$6:$S$143,0))) -> 9.2154839 | E43: =IF($A43="","",IF(D43>5,"Severe",IF(D43>3,"Moderate","Minor"))) -> Severe | F43: =IF($A43="","",INDEX('Data Input'!$F$6:$F$143,MATCH($A43,'Data Input'!$S$6:$S$143,0))) -> 255 | G43: =IF($A43="","",INDEX('Data Input'!$H$6:$H$143,MATCH($A43,'Data Input'!$S$6:$S$143,0))) -> 100 | H43: =IF($A43="","",INDEX('Data Input'!$I$6:$I$143,MATCH($A43,'Data Input'!$S$6:$S$143,0))) -> 0.39215686 | I43: =IF($A43="","",INDEX('Data Input'!$M$6:$M$143,MATCH($A43,'Data Input'!$S$6:$S$143,0))) -> 421.96835 | J43: =IF($A43="","",IFERROR(IF(INDEX('Data Input'!$Q$6:$Q$143,MATCH($A43,'Data Input'!$S$6:$S$143,0))="","",INDEX('Data Input'!$Q$6:$Q$143,MATCH($A43,'Data Input'!$S$6:$S$143,0))),"")) | K43: =IF($A43="","",IFERROR(IF(INDEX('Data Input'!$R$6:$R$143,MATCH($A43,'Data Input'!$S$6:$S$143,0))="","",INDEX('Data Input'!$R$6:$R$143,MATCH($A43,'Data Input'!$S$6:$S$143,0))),""))
A44: =IF(39<=$B$3,39,"") -> 39 | B44: =IF($A44="","",INDEX('Data Input'!$C$6:$C$143,MATCH($A44,'Data Input'!$S$6:$S$143,0))) -> Thursday | C44: =IF($A44="","",INDEX('Data Input'!$D$6:$D$143,MATCH($A44,'Data Input'!$S$6:$S$143,0))) -> 0.4375 | D44: =IF($A44="","",INDEX('Data Input'!$L$6:$L$143,MATCH($A44,'Data Input'!$S$6:$S$143,0))) -> 8.0269352 | E44: =IF($A44="","",IF(D44>5,"Severe",IF(D44>3,"Moderate","Minor"))) -> Severe | F44: =IF($A44="","",INDEX('Data Input'!$F$6:$F$143,MATCH($A44,'Data Input'!$S$6:$S$143,0))) -> 271 | G44: =IF($A44="","",INDEX('Data Input'!$H$6:$H$143,MATCH($A44,'Data Input'!$S$6:$S$143,0))) -> 60 | H44: =IF($A44="","",INDEX('Data Input'!$I$6:$I$143,MATCH($A44,'Data Input'!$S$6:$S$143,0))) -> 0.22140221 | I44: =IF($A44="","",INDEX('Data Input'!$M$6:$M$143,MATCH($A44,'Data Input'!$S$6:$S$143,0))) -> 433.51376 | J44: =IF($A44="","",IFERROR(IF(INDEX('Data Input'!$Q$6:$Q$143,MATCH($A44,'Data Input'!$S$6:$S$143,0))="","",INDEX('Data Input'!$Q$6:$Q$143,MATCH($A44,'Data Input'!$S$6:$S$143,0))),"")) | K44: =IF($A44="","",IFERROR(IF(INDEX('Data Input'!$R$6:$R$143,MATCH($A44,'Data Input'!$S$6:$S$143,0))="","",INDEX('Data Input'!$R$6:$R$143,MATCH($A44,'Data Input'!$S$6:$S$143,0))),""))
A45: =IF(40<=$B$3,40,"") -> 40 | B45: =IF($A45="","",INDEX('Data Input'!$C$6:$C$143,MATCH($A45,'Data Input'!$S$6:$S$143,0))) -> Thursday | C45: =IF($A45="","",INDEX('Data Input'!$D$6:$D$143,MATCH($A45,'Data Input'!$S$6:$S$143,0))) -> 0.45833333 | D45: =IF($A45="","",INDEX('Data Input'!$L$6:$L$143,MATCH($A45,'Data Input'!$S$6:$S$143,0))) -> 3.7962233 | E45: =IF($A45="","",IF(D45>5,"Severe",IF(D45>3,"Moderate","Minor"))) -> Moderate | F45: =IF($A45="","",INDEX('Data Input'!$F$6:$F$143,MATCH($A45,'Data Input'!$S$6:$S$143,0))) -> 212 | G45: =IF($A45="","",INDEX('Data Input'!$H$6:$H$143,MATCH($A45,'Data Input'!$S$6:$S$143,0))) -> 9 | H45: =IF($A45="","",INDEX('Data Input'!$I$6:$I$143,MATCH($A45,'Data Input'!$S$6:$S$143,0))) -> 0.04245283 | I45: =IF($A45="","",INDEX('Data Input'!$M$6:$M$143,MATCH($A45,'Data Input'!$S$6:$S$143,0))) -> 467.53589 | J45: =IF($A45="","",IFERROR(IF(INDEX('Data Input'!$Q$6:$Q$143,MATCH($A45,'Data Input'!$S$6:$S$143,0))="","",INDEX('Data Input'!$Q$6:$Q$143,MATCH($A45,'Data Input'!$S$6:$S$143,0))),"")) | K45: =IF($A45="","",IFERROR(IF(INDEX('Data Input'!$R$6:$R$143,MATCH($A45,'Data Input'!$S$6:$S$143,0))="","",INDEX('Data Input'!$R$6:$R$143,MATCH($A45,'Data Input'!$S$6:$S$143,0))),""))
A46: =IF(41<=$B$3,41,"") -> 41 | B46: =IF($A46="","",INDEX('Data Input'!$C$6:$C$143,MATCH($A46,'Data Input'!$S$6:$S$143,0))) -> Thursday | C46: =IF($A46="","",INDEX('Data Input'!$D$6:$D$143,MATCH($A46,'Data Input'!$S$6:$S$143,0))) -> 0.52083333 | D46: =IF($A46="","",INDEX('Data Input'!$L$6:$L$143,MATCH($A46,'Data Input'!$S$6:$S$143,0))) -> 3.4228431 | E46: =IF($A46="","",IF(D46>5,"Severe",IF(D46>3,"Moderate","Minor"))) -> Moderate | F46: =IF($A46="","",INDEX('Data Input'!$F$6:$F$143,MATCH($A46,'Data Input'!$S$6:$S$143,0))) -> 199 | G46: =IF($A46="","",INDEX('Data Input'!$H$6:$H$143,MATCH($A46,'Data Input'!$S$6:$S$143,0))) -> 29 | H46: =IF($A46="","",INDEX('Data Input'!$I$6:$I$143,MATCH($A46,'Data Input'!$S$6:$S$143,0))) -> 0.14572864 | I46: =IF($A46="","",INDEX('Data Input'!$M$6:$M$143,MATCH($A46,'Data Input'!$S$6:$S$143,0))) -> 462.9422 | J46: =IF($A46="","",IFERROR(IF(INDEX('Data Input'!$Q$6:$Q$143,MATCH($A46,'Data Input'!$S$6:$S$143,0))="","",INDEX('Data Input'!$Q$6:$Q$143,MATCH($A46,'Data Input'!$S$6:$S$143,0))),"")) | K46: =IF($A46="","",IFERROR(IF(INDEX('Data Input'!$R$6:$R$143,MATCH($A46,'Data Input'!$S$6:$S$143,0))="","",INDEX('Data Input'!$R$6:$R$143,MATCH($A46,'Data Input'!$S$6:$S$143,0))),""))
A47: =IF(42<=$B$3,42,"") -> 42 | B47: =IF($A47="","",INDEX('Data Input'!$C$6:$C$143,MATCH($A47,'Data Input'!$S$6:$S$143,0))) -> Thursday | C47: =IF($A47="","",INDEX('Data Input'!$D$6:$D$143,MATCH($A47,'Data Input'!$S$6:$S$143,0))) -> 0.54166667 | D47: =IF($A47="","",INDEX('Data Input'!$L$6:$L$143,MATCH($A47,'Data Input'!$S$6:$S$143,0))) -> 4.6241228 | E47: =IF($A47="","",IF(D47>5,"Severe",IF(D47>3,"Moderate","Minor"))) -> Moderate | F47: =IF($A47="","",INDEX('Data Input'!$F$6:$F$143,MATCH($A47,'Data Input'!$S$6:$S$143,0))) -> 183 | G47: =IF($A47="","",INDEX('Data Input'!$H$6:$H$143,MATCH($A47,'Data Input'!$S$6:$S$143,0))) -> 31 | H47: =IF($A47="","",INDEX('Data Input'!$I$6:$I$143,MATCH($A47,'Data Input'!$S$6:$S$143,0))) -> 0.16939891 | I47: =IF($A47="","",INDEX('Data Input'!$M$6:$M$143,MATCH($A47,'Data Input'!$S$6:$S$143,0))) -> 490.55696 | J47: =IF($A47="","",IFERROR(IF(INDEX('Data Input'!$Q$6:$Q$143,MATCH($A47,'Data Input'!$S$6:$S$143,0))="","",INDEX('Data Input'!$Q$6:$Q$143,MATCH($A47,'Data Input'!$S$6:$S$143,0))),"")) | K47: =IF($A47="","",IFERROR(IF(INDEX('Data Input'!$R$6:$R$143,MATCH($A47,'Data Input'!$S$6:$S$143,0))="","",INDEX('Data Input'!$R$6:$R$143,MATCH($A47,'Data Input'!$S$6:$S$143,0))),""))
A48: =IF(43<=$B$3,43,"") -> 43 | B48: =IF($A48="","",INDEX('Data Input'!$C$6:$C$143,MATCH($A48,'Data Input'!$S$6:$S$143,0))) -> Thursday | C48: =IF($A48="","",INDEX('Data Input'!$D$6:$D$143,MATCH($A48,'Data Input'!$S$6:$S$143,0))) -> 0.5625 | D48: =IF($A48="","",INDEX('Data Input'!$L$6:$L$143,MATCH($A48,'Data Input'!$S$6:$S$143,0))) -> 2.2726968 | E48: =IF($A48="","",IF(D48>5,"Severe",IF(D48>3,"Moderate","Minor"))) -> Minor | F48: =IF($A48="","",INDEX('Data Input'!$F$6:$F$143,MATCH($A48,'Data Input'!$S$6:$S$143,0))) -> 210 | G48: =IF($A48="","",INDEX('Data Input'!$H$6:$H$143,MATCH($A48,'Data Input'!$S$6:$S$143,0))) -> 11 | H48: =IF($A48="","",INDEX('Data Input'!$I$6:$I$143,MATCH($A48,'Data Input'!$S$6:$S$143,0))) -> 0.052380952 | I48: =IF($A48="","",INDEX('Data Input'!$M$6:$M$143,MATCH($A48,'Data Input'!$S$6:$S$143,0))) -> 453.95074 | J48: =IF($A48="","",IFERROR(IF(INDEX('Data Input'!$Q$6:$Q$143,MATCH($A48,'Data Input'!$S$6:$S$143,0))="","",INDEX('Data Input'!$Q$6:$Q$143,MATCH($A48,'Data Input'!$S$6:$S$143,0))),"")) | K48: =IF($A48="","",IFERROR(IF(INDEX('Data Input'!$R$6:$R$143,MATCH($A48,'Data Input'!$S$6:$S$143,0))="","",INDEX('Data Input'!$R$6:$R$143,MATCH($A48,'Data Input'!$S$6:$S$143,0))),""))
A49: =IF(44<=$B$3,44,"") -> 44 | B49: =IF($A49="","",INDEX('Data Input'!$C$6:$C$143,MATCH($A49,'Data Input'!$S$6:$S$143,0))) -> Thursday | C49: =IF($A49="","",INDEX('Data Input'!$D$6:$D$143,MATCH($A49,'Data Input'!$S$6:$S$143,0))) -> 0.72916667 | D49: =IF($A49="","",INDEX('Data Input'!$L$6:$L$143,MATCH($A49,'Data Input'!$S$6:$S$143,0))) -> 5.9660317 | E49: =IF($A49="","",IF(D49>5,"Severe",IF(D49>3,"Moderate","Minor"))) -> Severe | F49: =IF($A49="","",INDEX('Data Input'!$F$6:$F$143,MATCH($A49,'Data Input'!$S$6:$S$143,0))) -> 142 | G49: =IF($A49="","",INDEX('Data Input'!$H$6:$H$143,MATCH($A49,'Data Input'!$S$6:$S$143,0))) -> 37 | H49: =IF($A49="","",INDEX('Data Input'!$I$6:$I$143,MATCH($A49,'Data Input'!$S$6:$S$143,0))) -> 0.26056338 | I49: =IF($A49="","",INDEX('Data Input'!$M$6:$M$143,MATCH($A49,'Data Input'!$S$6:$S$143,0))) -> 537.39091 | J49: =IF($A49="","",IFERROR(IF(INDEX('Data Input'!$Q$6:$Q$143,MATCH($A49,'Data Input'!$S$6:$S$143,0))="","",INDEX('Data Input'!$Q$6:$Q$143,MATCH($A49,'Data Input'!$S$6:$S$143,0))),"")) | K49: =IF($A49="","",IFERROR(IF(INDEX('Data Input'!$R$6:$R$143,MATCH($A49,'Data Input'!$S$6:$S$143,0))="","",INDEX('Data Input'!$R$6:$R$143,MATCH($A49,'Data Input'!$S$6:$S$143,0))),""))
A50: =IF(45<=$B$3,45,"") -> 45 | B50: =IF($A50="","",INDEX('Data Input'!$C$6:$C$143,MATCH($A50,'Data Input'!$S$6:$S$143,0))) -> Thursday | C50: =IF($A50="","",INDEX('Data Input'!$D$6:$D$143,MATCH($A50,'Data Input'!$S$6:$S$143,0))) -> 0.75 | D50: =IF($A50="","",INDEX('Data Input'!$L$6:$L$143,MATCH($A50,'Data Input'!$S$6:$S$143,0))) -> 5.7488722 | E50: =IF($A50="","",IF(D50>5,"Severe",IF(D50>3,"Moderate","Minor"))) -> Severe | F50: =IF($A50="","",INDEX('Data Input'!$F$6:$F$143,MATCH($A50,'Data Input'!$S$6:$S$143,0))) -> 155 | G50: =IF($A50="","",INDEX('Data Input'!$H$6:$H$143,MATCH($A50,'Data Input'!$S$6:$S$143,0))) -> 22 | H50: =IF($A50="","",INDEX('Data Input'!$I$6:$I$143,MATCH($A50,'Data Input'!$S$6:$S$143,0))) -> 0.14193548 | I50: =IF($A50="","",INDEX('Data Input'!$M$6:$M$143,MATCH($A50,'Data Input'!$S$6:$S$143,0))) -> 433.83824 | J50: =IF($A50="","",IFERROR(IF(INDEX('Data Input'!$Q$6:$Q$143,MATCH($A50,'Data Input'!$S$6:$S$143,0))="","",INDEX('Data Input'!$Q$6:$Q$143,MATCH($A50,'Data Input'!$S$6:$S$143,0))),"")) | K50: =IF($A50="","",IFERROR(IF(INDEX('Data Input'!$R$6:$R$143,MATCH($A50,'Data Input'!$S$6:$S$143,0))="","",INDEX('Data Input'!$R$6:$R$143,MATCH($A50,'Data Input'!$S$6:$S$143,0))),""))
A51: =IF(46<=$B$3,46,"") -> 46 | B51: =IF($A51="","",INDEX('Data Input'!$C$6:$C$143,MATCH($A51,'Data Input'!$S$6:$S$143,0))) -> Friday | C51: =IF($A51="","",INDEX('Data Input'!$D$6:$D$143,MATCH($A51,'Data Input'!$S$6:$S$143,0))) -> 0.41666667 | D51: =IF($A51="","",INDEX('Data Input'!$L$6:$L$143,MATCH($A51,'Data Input'!$S$6:$S$143,0))) -> 6.0092332 | E51: =IF($A51="","",IF(D51>5,"Severe",IF(D51>3,"Moderate","Minor"))) -> Severe | F51: =IF($A51="","",INDEX('Data Input'!$F$6:$F$143,MATCH($A51,'Data Input'!$S$6:$S$143,0))) -> 280 | G51: =IF($A51="","",INDEX('Data Input'!$H$6:$H$143,MATCH($A51,'Data Input'!$S$6:$S$143,0))) -> 67 | H51: =IF($A51="","",INDEX('Data Input'!$I$6:$I$143,MATCH($A51,'Data Input'!$S$6:$S$143,0))) -> 0.23928571 | I51: =IF($A51="","",INDEX('Data Input'!$M$6:$M$143,MATCH($A51,'Data Input'!$S$6:$S$143,0))) -> 386.79535 | J51: =IF($A51="","",IFERROR(IF(INDEX('Data Input'!$Q$6:$Q$143,MATCH($A51,'Data Input'!$S$6:$S$143,0))="","",INDEX('Data Input'!$Q$6:$Q$143,MATCH($A51,'Data Input'!$S$6:$S$143,0))),"")) | K51: =IF($A51="","",IFERROR(IF(INDEX('Data Input'!$R$6:$R$143,MATCH($A51,'Data Input'!$S$6:$S$143,0))="","",INDEX('Data Input'!$R$6:$R$143,MATCH($A51,'Data Input'!$S$6:$S$143,0))),""))
A52: =IF(47<=$B$3,47,"") -> 47 | B52: =IF($A52="","",INDEX('Data Input'!$C$6:$C$143,MATCH($A52,'Data Input'!$S$6:$S$143,0))) -> Friday | C52: =IF($A52="","",INDEX('Data Input'!$D$6:$D$143,MATCH($A52,'Data Input'!$S$6:$S$143,0))) -> 0.4375 | D52: =IF($A52="","",INDEX('Data Input'!$L$6:$L$143,MATCH($A52,'Data Input'!$S$6:$S$143,0))) -> 5.7007161 | E52: =IF($A52="","",IF(D52>5,"Severe",IF(D52>3,"Moderate","Minor"))) -> Severe | F52: =IF($A52="","",INDEX('Data Input'!$F$6:$F$143,MATCH($A52,'Data Input'!$S$6:$S$143,0))) -> 302 | G52: =IF($A52="","",INDEX('Data Input'!$H$6:$H$143,MATCH($A52,'Data Input'!$S$6:$S$143,0))) -> 46 | H52: =IF($A52="","",INDEX('Data Input'!$I$6:$I$143,MATCH($A52,'Data Input'!$S$6:$S$143,0))) -> 0.15231788 | I52: =IF($A52="","",INDEX('Data Input'!$M$6:$M$143,MATCH($A52,'Data Input'!$S$6:$S$143,0))) -> 449.81579 | J52: =IF($A52="","",IFERROR(IF(INDEX('Data Input'!$Q$6:$Q$143,MATCH($A52,'Data Input'!$S$6:$S$143,0))="","",INDEX('Data Input'!$Q$6:$Q$143,MATCH($A52,'Data Input'!$S$6:$S$143,0))),"")) | K52: =IF($A52="","",IFERROR(IF(INDEX('Data Input'!$R$6:$R$143,MATCH($A52,'Data Input'!$S$6:$S$143,0))="","",INDEX('Data Input'!$R$6:$R$143,MATCH($A52,'Data Input'!$S$6:$S$143,0))),""))
A53: =IF(48<=$B$3,48,"") -> 48 | B53: =IF($A53="","",INDEX('Data Input'!$C$6:$C$143,MATCH($A53,'Data Input'!$S$6:$S$143,0))) -> Friday | C53: =IF($A53="","",INDEX('Data Input'!$D$6:$D$143,MATCH($A53,'Data Input'!$S$6:$S$143,0))) -> 0.45833333 | D53: =IF($A53="","",INDEX('Data Input'!$L$6:$L$143,MATCH($A53,'Data Input'!$S$6:$S$143,0))) -> 2.1361323 | E53: =IF($A53="","",IF(D53>5,"Severe",IF(D53>3,"Moderate","Minor"))) -> Minor | F53: =IF($A53="","",INDEX('Data Input'!$F$6:$F$143,MATCH($A53,'Data Input'!$S$6:$S$143,0))) -> 275 | G53: =IF($A53="","",INDEX('Data Input'!$H$6:$H$143,MATCH($A53,'Data Input'!$S$6:$S$143,0))) -> 13 | H53: =IF($A53="","",INDEX('Data Input'!$I$6:$I$143,MATCH($A53,'Data Input'!$S$6:$S$143,0))) -> 0.047272727 | I53: =IF($A53="","",INDEX('Data Input'!$M$6:$M$143,MATCH($A53,'Data Input'!$S$6:$S$143,0))) -> 469.3283 | J53: =IF($A53="","",IFERROR(IF(INDEX('Data Input'!$Q$6:$Q$143,MATCH($A53,'Data Input'!$S$6:$S$143,0))="","",INDEX('Data Input'!$Q$6:$Q$143,MATCH($A53,'Data Input'!$S$6:$S$143,0))),"")) | K53: =IF($A53="","",IFERROR(IF(INDEX('Data Input'!$R$6:$R$143,MATCH($A53,'Data Input'!$S$6:$S$143,0))="","",INDEX('Data Input'!$R$6:$R$143,MATCH($A53,'Data Input'!$S$6:$S$143,0))),""))
A54: =IF(49<=$B$3,49,"") -> 49 | B54: =IF($A54="","",INDEX('Data Input'!$C$6:$C$143,MATCH($A54,'Data Input'!$S$6:$S$143,0))) -> Friday | C54: =IF($A54="","",INDEX('Data Input'!$D$6:$D$143,MATCH($A54,'Data Input'!$S$6:$S$143,0))) -> 0.52083333 | D54: =IF($A54="","",INDEX('Data Input'!$L$6:$L$143,MATCH($A54,'Data Input'!$S$6:$S$143,0))) -> 2.9317915 | E54: =IF($A54="","",IF(D54>5,"Severe",IF(D54>3,"Moderate","Minor"))) -> Minor | F54: =IF($A54="","",INDEX('Data Input'!$F$6:$F$143,MATCH($A54,'Data Input'!$S$6:$S$143,0))) -> 251 | G54: =IF($A54="","",INDEX('Data Input'!$H$6:$H$143,MATCH($A54,'Data Input'!$S$6:$S$143,0))) -> 24 | H54: =IF($A54="","",INDEX('Data Input'!$I$6:$I$143,MATCH($A54,'Data Input'!$S$6:$S$143,0))) -> 0.09561753 | I54: =IF($A54="","",INDEX('Data Input'!$M$6:$M$143,MATCH($A54,'Data Input'!$S$6:$S$143,0))) -> 385.46383 | J54: =IF($A54="","",IFERROR(IF(INDEX('Data Input'!$Q$6:$Q$143,MATCH($A54,'Data Input'!$S$6:$S$143,0))="","",INDEX('Data Input'!$Q$6:$Q$143,MATCH($A54,'Data Input'!$S$6:$S$143,0))),"")) | K54: =IF($A54="","",IFERROR(IF(INDEX('Data Input'!$R$6:$R$143,MATCH($A54,'Data Input'!$S$6:$S$143,0))="","",INDEX('Data Input'!$R$6:$R$143,MATCH($A54,'Data Input'!$S$6:$S$143,0))),""))
A55: =IF(50<=$B$3,50,"") -> 50 | B55: =IF($A55="","",INDEX('Data Input'!$C$6:$C$143,MATCH($A55,'Data Input'!$S$6:$S$143,0))) -> Friday | C55: =IF($A55="","",INDEX('Data Input'!$D$6:$D$143,MATCH($A55,'Data Input'!$S$6:$S$143,0))) -> 0.72916667 | D55: =IF($A55="","",INDEX('Data Input'!$L$6:$L$143,MATCH($A55,'Data Input'!$S$6:$S$143,0))) -> 7.2236842 | E55: =IF($A55="","",IF(D55>5,"Severe",IF(D55>3,"Moderate","Minor"))) -> Severe | F55: =IF($A55="","",INDEX('Data Input'!$F$6:$F$143,MATCH($A55,'Data Input'!$S$6:$S$143,0))) -> 179 | G55: =IF($A55="","",INDEX('Data Input'!$H$6:$H$143,MATCH($A55,'Data Input'!$S$6:$S$143,0))) -> 65 | H55: =IF($A55="","",INDEX('Data Input'!$I$6:$I$143,MATCH($A55,'Data Input'!$S$6:$S$143,0))) -> 0.36312849 | I55: =IF($A55="","",INDEX('Data Input'!$M$6:$M$143,MATCH($A55,'Data Input'!$S$6:$S$143,0))) -> 480.94017 | J55: =IF($A55="","",IFERROR(IF(INDEX('Data Input'!$Q$6:$Q$143,MATCH($A55,'Data Input'!$S$6:$S$143,0))="","",INDEX('Data Input'!$Q$6:$Q$143,MATCH($A55,'Data Input'!$S$6:$S$143,0))),"")) | K55: =IF($A55="","",IFERROR(IF(INDEX('Data Input'!$R$6:$R$143,MATCH($A55,'Data Input'!$S$6:$S$143,0))="","",INDEX('Data Input'!$R$6:$R$143,MATCH($A55,'Data Input'!$S$6:$S$143,0))),""))
A56: =IF(51<=$B$3,51,"") -> 51 | B56: =IF($A56="","",INDEX('Data Input'!$C$6:$C$143,MATCH($A56,'Data Input'!$S$6:$S$143,0))) -> Friday | C56: =IF($A56="","",INDEX('Data Input'!$D$6:$D$143,MATCH($A56,'Data Input'!$S$6:$S$143,0))) -> 0.75 | D56: =IF($A56="","",INDEX('Data Input'!$L$6:$L$143,MATCH($A56,'Data Input'!$S$6:$S$143,0))) -> 6.3462821 | E56: =IF($A56="","",IF(D56>5,"Severe",IF(D56>3,"Moderate","Minor"))) -> Severe | F56: =IF($A56="","",INDEX('Data Input'!$F$6:$F$143,MATCH($A56,'Data Input'!$S$6:$S$143,0))) -> 144 | G56: =IF($A56="","",INDEX('Data Input'!$H$6:$H$143,MATCH($A56,'Data Input'!$S$6:$S$143,0))) -> 14 | H56: =IF($A56="","",INDEX('Data Input'!$I$6:$I$143,MATCH($A56,'Data Input'!$S$6:$S$143,0))) -> 0.097222222 | I56: =IF($A56="","",INDEX('Data Input'!$M$6:$M$143,MATCH($A56,'Data Input'!$S$6:$S$143,0))) -> 426.15441 | J56: =IF($A56="","",IFERROR(IF(INDEX('Data Input'!$Q$6:$Q$143,MATCH($A56,'Data Input'!$S$6:$S$143,0))="","",INDEX('Data Input'!$Q$6:$Q$143,MATCH($A56,'Data Input'!$S$6:$S$143,0))),"")) | K56: =IF($A56="","",IFERROR(IF(INDEX('Data Input'!$R$6:$R$143,MATCH($A56,'Data Input'!$S$6:$S$143,0))="","",INDEX('Data Input'!$R$6:$R$143,MATCH($A56,'Data Input'!$S$6:$S$143,0))),""))
A57: =IF(52<=$B$3,52,"") -> 52 | B57: =IF($A57="","",INDEX('Data Input'!$C$6:$C$143,MATCH($A57,'Data Input'!$S$6:$S$143,0))) -> Saturday | C57: =IF($A57="","",INDEX('Data Input'!$D$6:$D$143,MATCH($A57,'Data Input'!$S$6:$S$143,0))) -> 0.5625 | D57: =IF($A57="","",INDEX('Data Input'!$L$6:$L$143,MATCH($A57,'Data Input'!$S$6:$S$143,0))) -> 4.0267123 | E57: =IF($A57="","",IF(D57>5,"Severe",IF(D57>3,"Moderate","Minor"))) -> Moderate | F57: =IF($A57="","",INDEX('Data Input'!$F$6:$F$143,MATCH($A57,'Data Input'!$S$6:$S$143,0))) -> 102 | G57: =IF($A57="","",INDEX('Data Input'!$H$6:$H$143,MATCH($A57,'Data Input'!$S$6:$S$143,0))) -> 29 | H57: =IF($A57="","",INDEX('Data Input'!$I$6:$I$143,MATCH($A57,'Data Input'!$S$6:$S$143,0))) -> 0.28431373 | I57: =IF($A57="","",INDEX('Data Input'!$M$6:$M$143,MATCH($A57,'Data Input'!$S$6:$S$143,0))) -> 432.10667 | J57: =IF($A57="","",IFERROR(IF(INDEX('Data Input'!$Q$6:$Q$143,MATCH($A57,'Data Input'!$S$6:$S$143,0))="","",INDEX('Data Input'!$Q$6:$Q$143,MATCH($A57,'Data Input'!$S$6:$S$143,0))),"")) | K57: =IF($A57="","",IFERROR(IF(INDEX('Data Input'!$R$6:$R$143,MATCH($A57,'Data Input'!$S$6:$S$143,0))="","",INDEX('Data Input'!$R$6:$R$143,MATCH($A57,'Data Input'!$S$6:$S$143,0))),""))
A58: =IF(53<=$B$3,53,"") -> 53 | B58: =IF($A58="","",INDEX('Data Input'!$C$6:$C$143,MATCH($A58,'Data Input'!$S$6:$S$143,0))) -> Saturday | C58: =IF($A58="","",INDEX('Data Input'!$D$6:$D$143,MATCH($A58,'Data Input'!$S$6:$S$143,0))) -> 0.58333333 | D58: =IF($A58="","",INDEX('Data Input'!$L$6:$L$143,MATCH($A58,'Data Input'!$S$6:$S$143,0))) -> 5.6761905 | E58: =IF($A58="","",IF(D58>5,"Severe",IF(D58>3,"Moderate","Minor"))) -> Severe | F58: =IF($A58="","",INDEX('Data Input'!$F$6:$F$143,MATCH($A58,'Data Input'!$S$6:$S$143,0))) -> 105 | G58: =IF($A58="","",INDEX('Data Input'!$H$6:$H$143,MATCH($A58,'Data Input'!$S$6:$S$143,0))) -> 21 | H58: =IF($A58="","",INDEX('Data Input'!$I$6:$I$143,MATCH($A58,'Data Input'!$S$6:$S$143,0))) -> 0.2 | I58: =IF($A58="","",INDEX('Data Input'!$M$6:$M$143,MATCH($A58,'Data Input'!$S$6:$S$143,0))) -> 484.55682 | J58: =IF($A58="","",IFERROR(IF(INDEX('Data Input'!$Q$6:$Q$143,MATCH($A58,'Data Input'!$S$6:$S$143,0))="","",INDEX('Data Input'!$Q$6:$Q$143,MATCH($A58,'Data Input'!$S$6:$S$143,0))),"")) | K58: =IF($A58="","",IFERROR(IF(INDEX('Data Input'!$R$6:$R$143,MATCH($A58,'Data Input'!$S$6:$S$143,0))="","",INDEX('Data Input'!$R$6:$R$143,MATCH($A58,'Data Input'!$S$6:$S$143,0))),""))
A59: =IF(54<=$B$3,54,"") | B59: =IF($A59="","",INDEX('Data Input'!$C$6:$C$143,MATCH($A59,'Data Input'!$S$6:$S$143,0))) | C59: =IF($A59="","",INDEX('Data Input'!$D$6:$D$143,MATCH($A59,'Data Input'!$S$6:$S$143,0))) | D59: =IF($A59="","",INDEX('Data Input'!$L$6:$L$143,MATCH($A59,'Data Input'!$S$6:$S$143,0))) | E59: =IF($A59="","",IF(D59>5,"Severe",IF(D59>3,"Moderate","Minor"))) | F59: =IF($A59="","",INDEX('Data Input'!$F$6:$F$143,MATCH($A59,'Data Input'!$S$6:$S$143,0))) | G59: =IF($A59="","",INDEX('Data Input'!$H$6:$H$143,MATCH($A59,'Data Input'!$S$6:$S$143,0))) | H59: =IF($A59="","",INDEX('Data Input'!$I$6:$I$143,MATCH($A59,'Data Input'!$S$6:$S$143,0))) | I59: =IF($A59="","",INDEX('Data Input'!$M$6:$M$143,MATCH($A59,'Data Input'!$S$6:$S$143,0))) | J59: =IF($A59="","",IFERROR(IF(INDEX('Data Input'!$Q$6:$Q$143,MATCH($A59,'Data Input'!$S$6:$S$143,0))="","",INDEX('Data Input'!$Q$6:$Q$143,MATCH($A59,'Data Input'!$S$6:$S$143,0))),"")) | K59: =IF($A59="","",IFERROR(IF(INDEX('Data Input'!$R$6:$R$143,MATCH($A59,'Data Input'!$S$6:$S$143,0))="","",INDEX('Data Input'!$R$6:$R$143,MATCH($A59,'Data Input'!$S$6:$S$143,0))),""))
A60: =IF(55<=$B$3,55,"") | B60: =IF($A60="","",INDEX('Data Input'!$C$6:$C$143,MATCH($A60,'Data Input'!$S$6:$S$143,0))) | C60: =IF($A60="","",INDEX('Data Input'!$D$6:$D$143,MATCH($A60,'Data Input'!$S$6:$S$143,0))) | D60: =IF($A60="","",INDEX('Data Input'!$L$6:$L$143,MATCH($A60,'Data Input'!$S$6:$S$143,0))) | E60: =IF($A60="","",IF(D60>5,"Severe",IF(D60>3,"Moderate","Minor"))) | F60: =IF($A60="","",INDEX('Data Input'!$F$6:$F$143,MATCH($A60,'Data Input'!$S$6:$S$143,0))) | G60: =IF($A60="","",INDEX('Data Input'!$H$6:$H$143,MATCH($A60,'Data Input'!$S$6:$S$143,0))) | H60: =IF($A60="","",INDEX('Data Input'!$I$6:$I$143,MATCH($A60,'Data Input'!$S$6:$S$143,0))) | I60: =IF($A60="","",INDEX('Data Input'!$M$6:$M$143,MATCH($A60,'Data Input'!$S$6:$S$143,0))) | J60: =IF($A60="","",IFERROR(IF(INDEX('Data Input'!$Q$6:$Q$143,MATCH($A60,'Data Input'!$S$6:$S$143,0))="","",INDEX('Data Input'!$Q$6:$Q$143,MATCH($A60,'Data Input'!$S$6:$S$143,0))),"")) | K60: =IF($A60="","",IFERROR(IF(INDEX('Data Input'!$R$6:$R$143,MATCH($A60,'Data Input'!$S$6:$S$143,0))="","",INDEX('Data Input'!$R$6:$R$143,MATCH($A60,'Data Input'!$S$6:$S$143,0))),""))
A61: =IF(56<=$B$3,56,"") | B61: =IF($A61="","",INDEX('Data Input'!$C$6:$C$143,MATCH($A61,'Data Input'!$S$6:$S$143,0))) | C61: =IF($A61="","",INDEX('Data Input'!$D$6:$D$143,MATCH($A61,'Data Input'!$S$6:$S$143,0))) | D61: =IF($A61="","",INDEX('Data Input'!$L$6:$L$143,MATCH($A61,'Data Input'!$S$6:$S$143,0))) | E61: =IF($A61="","",IF(D61>5,"Severe",IF(D61>3,"Moderate","Minor"))) | F61: =IF($A61="","",INDEX('Data Input'!$F$6:$F$143,MATCH($A61,'Data Input'!$S$6:$S$143,0))) | G61: =IF($A61="","",INDEX('Data Input'!$H$6:$H$143,MATCH($A61,'Data Input'!$S$6:$S$143,0))) | H61: =IF($A61="","",INDEX('Data Input'!$I$6:$I$143,MATCH($A61,'Data Input'!$S$6:$S$143,0))) | I61: =IF($A61="","",INDEX('Data Input'!$M$6:$M$143,MATCH($A61,'Data Input'!$S$6:$S$143,0))) | J61: =IF($A61="","",IFERROR(IF(INDEX('Data Input'!$Q$6:$Q$143,MATCH($A61,'Data Input'!$S$6:$S$143,0))="","",INDEX('Data Input'!$Q$6:$Q$143,MATCH($A61,'Data Input'!$S$6:$S$143,0))),"")) | K61: =IF($A61="","",IFERROR(IF(INDEX('Data Input'!$R$6:$R$143,MATCH($A61,'Data Input'!$S$6:$S$143,0))="","",INDEX('Data Input'!$R$6:$R$143,MATCH($A61,'Data Input'!$S$6:$S$143,0))),""))
A62: =IF(57<=$B$3,57,"") | B62: =IF($A62="","",INDEX('Data Input'!$C$6:$C$143,MATCH($A62,'Data Input'!$S$6:$S$143,0))) | C62: =IF($A62="","",INDEX('Data Input'!$D$6:$D$143,MATCH($A62,'Data Input'!$S$6:$S$143,0))) | D62: =IF($A62="","",INDEX('Data Input'!$L$6:$L$143,MATCH($A62,'Data Input'!$S$6:$S$143,0))) | E62: =IF($A62="","",IF(D62>5,"Severe",IF(D62>3,"Moderate","Minor"))) | F62: =IF($A62="","",INDEX('Data Input'!$F$6:$F$143,MATCH($A62,'Data Input'!$S$6:$S$143,0))) | G62: =IF($A62="","",INDEX('Data Input'!$H$6:$H$143,MATCH($A62,'Data Input'!$S$6:$S$143,0))) | H62: =IF($A62="","",INDEX('Data Input'!$I$6:$I$143,MATCH($A62,'Data Input'!$S$6:$S$143,0))) | I62: =IF($A62="","",INDEX('Data Input'!$M$6:$M$143,MATCH($A62,'Data Input'!$S$6:$S$143,0))) | J62: =IF($A62="","",IFERROR(IF(INDEX('Data Input'!$Q$6:$Q$143,MATCH($A62,'Data Input'!$S$6:$S$143,0))="","",INDEX('Data Input'!$Q$6:$Q$143,MATCH($A62,'Data Input'!$S$6:$S$143,0))),"")) | K62: =IF($A62="","",IFERROR(IF(INDEX('Data Input'!$R$6:$R$143,MATCH($A62,'Data Input'!$S$6:$S$143,0))="","",INDEX('Data Input'!$R$6:$R$143,MATCH($A62,'Data Input'!$S$6:$S$143,0))),""))
A63: =IF(58<=$B$3,58,"") | B63: =IF($A63="","",INDEX('Data Input'!$C$6:$C$143,MATCH($A63,'Data Input'!$S$6:$S$143,0))) | C63: =IF($A63="","",INDEX('Data Input'!$D$6:$D$143,MATCH($A63,'Data Input'!$S$6:$S$143,0))) | D63: =IF($A63="","",INDEX('Data Input'!$L$6:$L$143,MATCH($A63,'Data Input'!$S$6:$S$143,0))) | E63: =IF($A63="","",IF(D63>5,"Severe",IF(D63>3,"Moderate","Minor"))) | F63: =IF($A63="","",INDEX('Data Input'!$F$6:$F$143,MATCH($A63,'Data Input'!$S$6:$S$143,0))) | G63: =IF($A63="","",INDEX('Data Input'!$H$6:$H$143,MATCH($A63,'Data Input'!$S$6:$S$143,0))) | H63: =IF($A63="","",INDEX('Data Input'!$I$6:$I$143,MATCH($A63,'Data Input'!$S$6:$S$143,0))) | I63: =IF($A63="","",INDEX('Data Input'!$M$6:$M$143,MATCH($A63,'Data Input'!$S$6:$S$143,0))) | J63: =IF($A63="","",IFERROR(IF(INDEX('Data Input'!$Q$6:$Q$143,MATCH($A63,'Data Input'!$S$6:$S$143,0))="","",INDEX('Data Input'!$Q$6:$Q$143,MATCH($A63,'Data Input'!$S$6:$S$143,0))),"")) | K63: =IF($A63="","",IFERROR(IF(INDEX('Data Input'!$R$6:$R$143,MATCH($A63,'Data Input'!$S$6:$S$143,0))="","",INDEX('Data Input'!$R$6:$R$143,MATCH($A63,'Data Input'!$S$6:$S$143,0))),""))
A64: =IF(59<=$B$3,59,"") | B64: =IF($A64="","",INDEX('Data Input'!$C$6:$C$143,MATCH($A64,'Data Input'!$S$6:$S$143,0))) | C64: =IF($A64="","",INDEX('Data Input'!$D$6:$D$143,MATCH($A64,'Data Input'!$S$6:$S$143,0))) | D64: =IF($A64="","",INDEX('Data Input'!$L$6:$L$143,MATCH($A64,'Data Input'!$S$6:$S$143,0))) | E64: =IF($A64="","",IF(D64>5,"Severe",IF(D64>3,"Moderate","Minor"))) | F64: =IF($A64="","",INDEX('Data Input'!$F$6:$F$143,MATCH($A64,'Data Input'!$S$6:$S$143,0))) | G64: =IF($A64="","",INDEX('Data Input'!$H$6:$H$143,MATCH($A64,'Data Input'!$S$6:$S$143,0))) | H64: =IF($A64="","",INDEX('Data Input'!$I$6:$I$143,MATCH($A64,'Data Input'!$S$6:$S$143,0))) | I64: =IF($A64="","",INDEX('Data Input'!$M$6:$M$143,MATCH($A64,'Data Input'!$S$6:$S$143,0))) | J64: =IF($A64="","",IFERROR(IF(INDEX('Data Input'!$Q$6:$Q$143,MATCH($A64,'Data Input'!$S$6:$S$143,0))="","",INDEX('Data Input'!$Q$6:$Q$143,MATCH($A64,'Data Input'!$S$6:$S$143,0))),"")) | K64: =IF($A64="","",IFERROR(IF(INDEX('Data Input'!$R$6:$R$143,MATCH($A64,'Data Input'!$S$6:$S$143,0))="","",INDEX('Data Input'!$R$6:$R$143,MATCH($A64,'Data Input'!$S$6:$S$143,0))),""))
A65: =IF(60<=$B$3,60,"") | B65: =IF($A65="","",INDEX('Data Input'!$C$6:$C$143,MATCH($A65,'Data Input'!$S$6:$S$143,0))) | C65: =IF($A65="","",INDEX('Data Input'!$D$6:$D$143,MATCH($A65,'Data Input'!$S$6:$S$143,0))) | D65: =IF($A65="","",INDEX('Data Input'!$L$6:$L$143,MATCH($A65,'Data Input'!$S$6:$S$143,0))) | E65: =IF($A65="","",IF(D65>5,"Severe",IF(D65>3,"Moderate","Minor"))) | F65: =IF($A65="","",INDEX('Data Input'!$F$6:$F$143,MATCH($A65,'Data Input'!$S$6:$S$143,0))) | G65: =IF($A65="","",INDEX('Data Input'!$H$6:$H$143,MATCH($A65,'Data Input'!$S$6:$S$143,0))) | H65: =IF($A65="","",INDEX('Data Input'!$I$6:$I$143,MATCH($A65,'Data Input'!$S$6:$S$143,0))) | I65: =IF($A65="","",INDEX('Data Input'!$M$6:$M$143,MATCH($A65,'Data Input'!$S$6:$S$143,0))) | J65: =IF($A65="","",IFERROR(IF(INDEX('Data Input'!$Q$6:$Q$143,MATCH($A65,'Data Input'!$S$6:$S$143,0))="","",INDEX('Data Input'!$Q$6:$Q$143,MATCH($A65,'Data Input'!$S$6:$S$143,0))),"")) | K65: =IF($A65="","",IFERROR(IF(INDEX('Data Input'!$R$6:$R$143,MATCH($A65,'Data Input'!$S$6:$S$143,0))="","",INDEX('Data Input'!$R$6:$R$143,MATCH($A65,'Data Input'!$S$6:$S$143,0))),""))
A66: =IF(61<=$B$3,61,"") | B66: =IF($A66="","",INDEX('Data Input'!$C$6:$C$143,MATCH($A66,'Data Input'!$S$6:$S$143,0))) | C66: =IF($A66="","",INDEX('Data Input'!$D$6:$D$143,MATCH($A66,'Data Input'!$S$6:$S$143,0))) | D66: =IF($A66="","",INDEX('Data Input'!$L$6:$L$143,MATCH($A66,'Data Input'!$S$6:$S$143,0))) | E66: =IF($A66="","",IF(D66>5,"Severe",IF(D66>3,"Moderate","Minor"))) | F66: =IF($A66="","",INDEX('Data Input'!$F$6:$F$143,MATCH($A66,'Data Input'!$S$6:$S$143,0))) | G66: =IF($A66="","",INDEX('Data Input'!$H$6:$H$143,MATCH($A66,'Data Input'!$S$6:$S$143,0))) | H66: =IF($A66="","",INDEX('Data Input'!$I$6:$I$143,MATCH($A66,'Data Input'!$S$6:$S$143,0))) | I66: =IF($A66="","",INDEX('Data Input'!$M$6:$M$143,MATCH($A66,'Data Input'!$S$6:$S$143,0))) | J66: =IF($A66="","",IFERROR(IF(INDEX('Data Input'!$Q$6:$Q$143,MATCH($A66,'Data Input'!$S$6:$S$143,0))="","",INDEX('Data Input'!$Q$6:$Q$143,MATCH($A66,'Data Input'!$S$6:$S$143,0))),"")) | K66: =IF($A66="","",IFERROR(IF(INDEX('Data Input'!$R$6:$R$143,MATCH($A66,'Data Input'!$S$6:$S$143,0))="","",INDEX('Data Input'!$R$6:$R$143,MATCH($A66,'Data Input'!$S$6:$S$143,0))),""))
A67: =IF(62<=$B$3,62,"") | B67: =IF($A67="","",INDEX('Data Input'!$C$6:$C$143,MATCH($A67,'Data Input'!$S$6:$S$143,0))) | C67: =IF($A67="","",INDEX('Data Input'!$D$6:$D$143,MATCH($A67,'Data Input'!$S$6:$S$143,0))) | D67: =IF($A67="","",INDEX('Data Input'!$L$6:$L$143,MATCH($A67,'Data Input'!$S$6:$S$143,0))) | E67: =IF($A67="","",IF(D67>5,"Severe",IF(D67>3,"Moderate","Minor"))) | F67: =IF($A67="","",INDEX('Data Input'!$F$6:$F$143,MATCH($A67,'Data Input'!$S$6:$S$143,0))) | G67: =IF($A67="","",INDEX('Data Input'!$H$6:$H$143,MATCH($A67,'Data Input'!$S$6:$S$143,0))) | H67: =IF($A67="","",INDEX('Data Input'!$I$6:$I$143,MATCH($A67,'Data Input'!$S$6:$S$143,0))) | I67: =IF($A67="","",INDEX('Data Input'!$M$6:$M$143,MATCH($A67,'Data Input'!$S$6:$S$143,0))) | J67: =IF($A67="","",IFERROR(IF(INDEX('Data Input'!$Q$6:$Q$143,MATCH($A67,'Data Input'!$S$6:$S$143,0))="","",INDEX('Data Input'!$Q$6:$Q$143,MATCH($A67,'Data Input'!$S$6:$S$143,0))),"")) | K67: =IF($A67="","",IFERROR(IF(INDEX('Data Input'!$R$6:$R$143,MATCH($A67,'Data Input'!$S$6:$S$143,0))="","",INDEX('Data Input'!$R$6:$R$143,MATCH($A67,'Data Input'!$S$6:$S$143,0))),""))
A68: =IF(63<=$B$3,63,"") | B68: =IF($A68="","",INDEX('Data Input'!$C$6:$C$143,MATCH($A68,'Data Input'!$S$6:$S$143,0))) | C68: =IF($A68="","",INDEX('Data Input'!$D$6:$D$143,MATCH($A68,'Data Input'!$S$6:$S$143,0))) | D68: =IF($A68="","",INDEX('Data Input'!$L$6:$L$143,MATCH($A68,'Data Input'!$S$6:$S$143,0))) | E68: =IF($A68="","",IF(D68>5,"Severe",IF(D68>3,"Moderate","Minor"))) | F68: =IF($A68="","",INDEX('Data Input'!$F$6:$F$143,MATCH($A68,'Data Input'!$S$6:$S$143,0))) | G68: =IF($A68="","",INDEX('Data Input'!$H$6:$H$143,MATCH($A68,'Data Input'!$S$6:$S$143,0))) | H68: =IF($A68="","",INDEX('Data Input'!$I$6:$I$143,MATCH($A68,'Data Input'!$S$6:$S$143,0))) | I68: =IF($A68="","",INDEX('Data Input'!$M$6:$M$143,MATCH($A68,'Data Input'!$S$6:$S$143,0))) | J68: =IF($A68="","",IFERROR(IF(INDEX('Data Input'!$Q$6:$Q$143,MATCH($A68,'Data Input'!$S$6:$S$143,0))="","",INDEX('Data Input'!$Q$6:$Q$143,MATCH($A68,'Data Input'!$S$6:$S$143,0))),"")) | K68: =IF($A68="","",IFERROR(IF(INDEX('Data Input'!$R$6:$R$143,MATCH($A68,'Data Input'!$S$6:$S$143,0))="","",INDEX('Data Input'!$R$6:$R$143,MATCH($A68,'Data Input'!$S$6:$S$143,0))),""))
A69: =IF(64<=$B$3,64,"") | B69: =IF($A69="","",INDEX('Data Input'!$C$6:$C$143,MATCH($A69,'Data Input'!$S$6:$S$143,0))) | C69: =IF($A69="","",INDEX('Data Input'!$D$6:$D$143,MATCH($A69,'Data Input'!$S$6:$S$143,0))) | D69: =IF($A69="","",INDEX('Data Input'!$L$6:$L$143,MATCH($A69,'Data Input'!$S$6:$S$143,0))) | E69: =IF($A69="","",IF(D69>5,"Severe",IF(D69>3,"Moderate","Minor"))) | F69: =IF($A69="","",INDEX('Data Input'!$F$6:$F$143,MATCH($A69,'Data Input'!$S$6:$S$143,0))) | G69: =IF($A69="","",INDEX('Data Input'!$H$6:$H$143,MATCH($A69,'Data Input'!$S$6:$S$143,0))) | H69: =IF($A69="","",INDEX('Data Input'!$I$6:$I$143,MATCH($A69,'Data Input'!$S$6:$S$143,0))) | I69: =IF($A69="","",INDEX('Data Input'!$M$6:$M$143,MATCH($A69,'Data Input'!$S$6:$S$143,0))) | J69: =IF($A69="","",IFERROR(IF(INDEX('Data Input'!$Q$6:$Q$143,MATCH($A69,'Data Input'!$S$6:$S$143,0))="","",INDEX('Data Input'!$Q$6:$Q$143,MATCH($A69,'Data Input'!$S$6:$S$143,0))),"")) | K69: =IF($A69="","",IFERROR(IF(INDEX('Data Input'!$R$6:$R$143,MATCH($A69,'Data Input'!$S$6:$S$143,0))="","",INDEX('Data Input'!$R$6:$R$143,MATCH($A69,'Data Input'!$S$6:$S$143,0))),""))
A70: =IF(65<=$B$3,65,"") | B70: =IF($A70="","",INDEX('Data Input'!$C$6:$C$143,MATCH($A70,'Data Input'!$S$6:$S$143,0))) | C70: =IF($A70="","",INDEX('Data Input'!$D$6:$D$143,MATCH($A70,'Data Input'!$S$6:$S$143,0))) | D70: =IF($A70="","",INDEX('Data Input'!$L$6:$L$143,MATCH($A70,'Data Input'!$S$6:$S$143,0))) | E70: =IF($A70="","",IF(D70>5,"Severe",IF(D70>3,"Moderate","Minor"))) | F70: =IF($A70="","",INDEX('Data Input'!$F$6:$F$143,MATCH($A70,'Data Input'!$S$6:$S$143,0))) | G70: =IF($A70="","",INDEX('Data Input'!$H$6:$H$143,MATCH($A70,'Data Input'!$S$6:$S$143,0))) | H70: =IF($A70="","",INDEX('Data Input'!$I$6:$I$143,MATCH($A70,'Data Input'!$S$6:$S$143,0))) | I70: =IF($A70="","",INDEX('Data Input'!$M$6:$M$143,MATCH($A70,'Data Input'!$S$6:$S$143,0))) | J70: =IF($A70="","",IFERROR(IF(INDEX('Data Input'!$Q$6:$Q$143,MATCH($A70,'Data Input'!$S$6:$S$143,0))="","",INDEX('Data Input'!$Q$6:$Q$143,MATCH($A70,'Data Input'!$S$6:$S$143,0))),"")) | K70: =IF($A70="","",IFERROR(IF(INDEX('Data Input'!$R$6:$R$143,MATCH($A70,'Data Input'!$S$6:$S$143,0))="","",INDEX('Data Input'!$R$6:$R$143,MATCH($A70,'Data Input'!$S$6:$S$143,0))),""))
A71: =IF(66<=$B$3,66,"") | B71: =IF($A71="","",INDEX('Data Input'!$C$6:$C$143,MATCH($A71,'Data Input'!$S$6:$S$143,0))) | C71: =IF($A71="","",INDEX('Data Input'!$D$6:$D$143,MATCH($A71,'Data Input'!$S$6:$S$143,0))) | D71: =IF($A71="","",INDEX('Data Input'!$L$6:$L$143,MATCH($A71,'Data Input'!$S$6:$S$143,0))) | E71: =IF($A71="","",IF(D71>5,"Severe",IF(D71>3,"Moderate","Minor"))) | F71: =IF($A71="","",INDEX('Data Input'!$F$6:$F$143,MATCH($A71,'Data Input'!$S$6:$S$143,0))) | G71: =IF($A71="","",INDEX('Data Input'!$H$6:$H$143,MATCH($A71,'Data Input'!$S$6:$S$143,0))) | H71: =IF($A71="","",INDEX('Data Input'!$I$6:$I$143,MATCH($A71,'Data Input'!$S$6:$S$143,0))) | I71: =IF($A71="","",INDEX('Data Input'!$M$6:$M$143,MATCH($A71,'Data Input'!$S$6:$S$143,0))) | J71: =IF($A71="","",IFERROR(IF(INDEX('Data Input'!$Q$6:$Q$143,MATCH($A71,'Data Input'!$S$6:$S$143,0))="","",INDEX('Data Input'!$Q$6:$Q$143,MATCH($A71,'Data Input'!$S$6:$S$143,0))),"")) | K71: =IF($A71="","",IFERROR(IF(INDEX('Data Input'!$R$6:$R$143,MATCH($A71,'Data Input'!$S$6:$S$143,0))="","",INDEX('Data Input'!$R$6:$R$143,MATCH($A71,'Data Input'!$S$6:$S$143,0))),""))
A72: =IF(67<=$B$3,67,"") | B72: =IF($A72="","",INDEX('Data Input'!$C$6:$C$143,MATCH($A72,'Data Input'!$S$6:$S$143,0))) | C72: =IF($A72="","",INDEX('Data Input'!$D$6:$D$143,MATCH($A72,'Data Input'!$S$6:$S$143,0))) | D72: =IF($A72="","",INDEX('Data Input'!$L$6:$L$143,MATCH($A72,'Data Input'!$S$6:$S$143,0))) | E72: =IF($A72="","",IF(D72>5,"Severe",IF(D72>3,"Moderate","Minor"))) | F72: =IF($A72="","",INDEX('Data Input'!$F$6:$F$143,MATCH($A72,'Data Input'!$S$6:$S$143,0))) | G72: =IF($A72="","",INDEX('Data Input'!$H$6:$H$143,MATCH($A72,'Data Input'!$S$6:$S$143,0))) | H72: =IF($A72="","",INDEX('Data Input'!$I$6:$I$143,MATCH($A72,'Data Input'!$S$6:$S$143,0))) | I72: =IF($A72="","",INDEX('Data Input'!$M$6:$M$143,MATCH($A72,'Data Input'!$S$6:$S$143,0))) | J72: =IF($A72="","",IFERROR(IF(INDEX('Data Input'!$Q$6:$Q$143,MATCH($A72,'Data Input'!$S$6:$S$143,0))="","",INDEX('Data Input'!$Q$6:$Q$143,MATCH($A72,'Data Input'!$S$6:$S$143,0))),"")) | K72: =IF($A72="","",IFERROR(IF(INDEX('Data Input'!$R$6:$R$143,MATCH($A72,'Data Input'!$S$6:$S$143,0))="","",INDEX('Data Input'!$R$6:$R$143,MATCH($A72,'Data Input'!$S$6:$S$143,0))),""))
A73: =IF(68<=$B$3,68,"") | B73: =IF($A73="","",INDEX('Data Input'!$C$6:$C$143,MATCH($A73,'Data Input'!$S$6:$S$143,0))) | C73: =IF($A73="","",INDEX('Data Input'!$D$6:$D$143,MATCH($A73,'Data Input'!$S$6:$S$143,0))) | D73: =IF($A73="","",INDEX('Data Input'!$L$6:$L$143,MATCH($A73,'Data Input'!$S$6:$S$143,0))) | E73: =IF($A73="","",IF(D73>5,"Severe",IF(D73>3,"Moderate","Minor"))) | F73: =IF($A73="","",INDEX('Data Input'!$F$6:$F$143,MATCH($A73,'Data Input'!$S$6:$S$143,0))) | G73: =IF($A73="","",INDEX('Data Input'!$H$6:$H$143,MATCH($A73,'Data Input'!$S$6:$S$143,0))) | H73: =IF($A73="","",INDEX('Data Input'!$I$6:$I$143,MATCH($A73,'Data Input'!$S$6:$S$143,0))) | I73: =IF($A73="","",INDEX('Data Input'!$M$6:$M$143,MATCH($A73,'Data Input'!$S$6:$S$143,0))) | J73: =IF($A73="","",IFERROR(IF(INDEX('Data Input'!$Q$6:$Q$143,MATCH($A73,'Data Input'!$S$6:$S$143,0))="","",INDEX('Data Input'!$Q$6:$Q$143,MATCH($A73,'Data Input'!$S$6:$S$143,0))),"")) | K73: =IF($A73="","",IFERROR(IF(INDEX('Data Input'!$R$6:$R$143,MATCH($A73,'Data Input'!$S$6:$S$143,0))="","",INDEX('Data Input'!$R$6:$R$143,MATCH($A73,'Data Input'!$S$6:$S$143,0))),""))
A74: =IF(69<=$B$3,69,"") | B74: =IF($A74="","",INDEX('Data Input'!$C$6:$C$143,MATCH($A74,'Data Input'!$S$6:$S$143,0))) | C74: =IF($A74="","",INDEX('Data Input'!$D$6:$D$143,MATCH($A74,'Data Input'!$S$6:$S$143,0))) | D74: =IF($A74="","",INDEX('Data Input'!$L$6:$L$143,MATCH($A74,'Data Input'!$S$6:$S$143,0))) | E74: =IF($A74="","",IF(D74>5,"Severe",IF(D74>3,"Moderate","Minor"))) | F74: =IF($A74="","",INDEX('Data Input'!$F$6:$F$143,MATCH($A74,'Data Input'!$S$6:$S$143,0))) | G74: =IF($A74="","",INDEX('Data Input'!$H$6:$H$143,MATCH($A74,'Data Input'!$S$6:$S$143,0))) | H74: =IF($A74="","",INDEX('Data Input'!$I$6:$I$143,MATCH($A74,'Data Input'!$S$6:$S$143,0))) | I74: =IF($A74="","",INDEX('Data Input'!$M$6:$M$143,MATCH($A74,'Data Input'!$S$6:$S$143,0))) | J74: =IF($A74="","",IFERROR(IF(INDEX('Data Input'!$Q$6:$Q$143,MATCH($A74,'Data Input'!$S$6:$S$143,0))="","",INDEX('Data Input'!$Q$6:$Q$143,MATCH($A74,'Data Input'!$S$6:$S$143,0))),"")) | K74: =IF($A74="","",IFERROR(IF(INDEX('Data Input'!$R$6:$R$143,MATCH($A74,'Data Input'!$S$6:$S$143,0))="","",INDEX('Data Input'!$R$6:$R$143,MATCH($A74,'Data Input'!$S$6:$S$143,0))),""))
A75: =IF(70<=$B$3,70,"") | B75: =IF($A75="","",INDEX('Data Input'!$C$6:$C$143,MATCH($A75,'Data Input'!$S$6:$S$143,0))) | C75: =IF($A75="","",INDEX('Data Input'!$D$6:$D$143,MATCH($A75,'Data Input'!$S$6:$S$143,0))) | D75: =IF($A75="","",INDEX('Data Input'!$L$6:$L$143,MATCH($A75,'Data Input'!$S$6:$S$143,0))) | E75: =IF($A75="","",IF(D75>5,"Severe",IF(D75>3,"Moderate","Minor"))) | F75: =IF($A75="","",INDEX('Data Input'!$F$6:$F$143,MATCH($A75,'Data Input'!$S$6:$S$143,0))) | G75: =IF($A75="","",INDEX('Data Input'!$H$6:$H$143,MATCH($A75,'Data Input'!$S$6:$S$143,0))) | H75: =IF($A75="","",INDEX('Data Input'!$I$6:$I$143,MATCH($A75,'Data Input'!$S$6:$S$143,0))) | I75: =IF($A75="","",INDEX('Data Input'!$M$6:$M$143,MATCH($A75,'Data Input'!$S$6:$S$143,0))) | J75: =IF($A75="","",IFERROR(IF(INDEX('Data Input'!$Q$6:$Q$143,MATCH($A75,'Data Input'!$S$6:$S$143,0))="","",INDEX('Data Input'!$Q$6:$Q$143,MATCH($A75,'Data Input'!$S$6:$S$143,0))),"")) | K75: =IF($A75="","",IFERROR(IF(INDEX('Data Input'!$R$6:$R$143,MATCH($A75,'Data Input'!$S$6:$S$143,0))="","",INDEX('Data Input'!$R$6:$R$143,MATCH($A75,'Data Input'!$S$6:$S$143,0))),""))
A76: =IF(71<=$B$3,71,"") | B76: =IF($A76="","",INDEX('Data Input'!$C$6:$C$143,MATCH($A76,'Data Input'!$S$6:$S$143,0))) | C76: =IF($A76="","",INDEX('Data Input'!$D$6:$D$143,MATCH($A76,'Data Input'!$S$6:$S$143,0))) | D76: =IF($A76="","",INDEX('Data Input'!$L$6:$L$143,MATCH($A76,'Data Input'!$S$6:$S$143,0))) | E76: =IF($A76="","",IF(D76>5,"Severe",IF(D76>3,"Moderate","Minor"))) | F76: =IF($A76="","",INDEX('Data Input'!$F$6:$F$143,MATCH($A76,'Data Input'!$S$6:$S$143,0))) | G76: =IF($A76="","",INDEX('Data Input'!$H$6:$H$143,MATCH($A76,'Data Input'!$S$6:$S$143,0))) | H76: =IF($A76="","",INDEX('Data Input'!$I$6:$I$143,MATCH($A76,'Data Input'!$S$6:$S$143,0))) | I76: =IF($A76="","",INDEX('Data Input'!$M$6:$M$143,MATCH($A76,'Data Input'!$S$6:$S$143,0))) | J76: =IF($A76="","",IFERROR(IF(INDEX('Data Input'!$Q$6:$Q$143,MATCH($A76,'Data Input'!$S$6:$S$143,0))="","",INDEX('Data Input'!$Q$6:$Q$143,MATCH($A76,'Data Input'!$S$6:$S$143,0))),"")) | K76: =IF($A76="","",IFERROR(IF(INDEX('Data Input'!$R$6:$R$143,MATCH($A76,'Data Input'!$S$6:$S$143,0))="","",INDEX('Data Input'!$R$6:$R$143,MATCH($A76,'Data Input'!$S$6:$S$143,0))),""))
A77: =IF(72<=$B$3,72,"") | B77: =IF($A77="","",INDEX('Data Input'!$C$6:$C$143,MATCH($A77,'Data Input'!$S$6:$S$143,0))) | C77: =IF($A77="","",INDEX('Data Input'!$D$6:$D$143,MATCH($A77,'Data Input'!$S$6:$S$143,0))) | D77: =IF($A77="","",INDEX('Data Input'!$L$6:$L$143,MATCH($A77,'Data Input'!$S$6:$S$143,0))) | E77: =IF($A77="","",IF(D77>5,"Severe",IF(D77>3,"Moderate","Minor"))) | F77: =IF($A77="","",INDEX('Data Input'!$F$6:$F$143,MATCH($A77,'Data Input'!$S$6:$S$143,0))) | G77: =IF($A77="","",INDEX('Data Input'!$H$6:$H$143,MATCH($A77,'Data Input'!$S$6:$S$143,0))) | H77: =IF($A77="","",INDEX('Data Input'!$I$6:$I$143,MATCH($A77,'Data Input'!$S$6:$S$143,0))) | I77: =IF($A77="","",INDEX('Data Input'!$M$6:$M$143,MATCH($A77,'Data Input'!$S$6:$S$143,0))) | J77: =IF($A77="","",IFERROR(IF(INDEX('Data Input'!$Q$6:$Q$143,MATCH($A77,'Data Input'!$S$6:$S$143,0))="","",INDEX('Data Input'!$Q$6:$Q$143,MATCH($A77,'Data Input'!$S$6:$S$143,0))),"")) | K77: =IF($A77="","",IFERROR(IF(INDEX('Data Input'!$R$6:$R$143,MATCH($A77,'Data Input'!$S$6:$S$143,0))="","",INDEX('Data Input'!$R$6:$R$143,MATCH($A77,'Data Input'!$S$6:$S$143,0))),""))
A78: =IF(73<=$B$3,73,"") | B78: =IF($A78="","",INDEX('Data Input'!$C$6:$C$143,MATCH($A78,'Data Input'!$S$6:$S$143,0))) | C78: =IF($A78="","",INDEX('Data Input'!$D$6:$D$143,MATCH($A78,'Data Input'!$S$6:$S$143,0))) | D78: =IF($A78="","",INDEX('Data Input'!$L$6:$L$143,MATCH($A78,'Data Input'!$S$6:$S$143,0))) | E78: =IF($A78="","",IF(D78>5,"Severe",IF(D78>3,"Moderate","Minor"))) | F78: =IF($A78="","",INDEX('Data Input'!$F$6:$F$143,MATCH($A78,'Data Input'!$S$6:$S$143,0))) | G78: =IF($A78="","",INDEX('Data Input'!$H$6:$H$143,MATCH($A78,'Data Input'!$S$6:$S$143,0))) | H78: =IF($A78="","",INDEX('Data Input'!$I$6:$I$143,MATCH($A78,'Data Input'!$S$6:$S$143,0))) | I78: =IF($A78="","",INDEX('Data Input'!$M$6:$M$143,MATCH($A78,'Data Input'!$S$6:$S$143,0))) | J78: =IF($A78="","",IFERROR(IF(INDEX('Data Input'!$Q$6:$Q$143,MATCH($A78,'Data Input'!$S$6:$S$143,0))="","",INDEX('Data Input'!$Q$6:$Q$143,MATCH($A78,'Data Input'!$S$6:$S$143,0))),"")) | K78: =IF($A78="","",IFERROR(IF(INDEX('Data Input'!$R$6:$R$143,MATCH($A78,'Data Input'!$S$6:$S$143,0))="","",INDEX('Data Input'!$R$6:$R$143,MATCH($A78,'Data Input'!$S$6:$S$143,0))),""))
A79: =IF(74<=$B$3,74,"") | B79: =IF($A79="","",INDEX('Data Input'!$C$6:$C$143,MATCH($A79,'Data Input'!$S$6:$S$143,0))) | C79: =IF($A79="","",INDEX('Data Input'!$D$6:$D$143,MATCH($A79,'Data Input'!$S$6:$S$143,0))) | D79: =IF($A79="","",INDEX('Data Input'!$L$6:$L$143,MATCH($A79,'Data Input'!$S$6:$S$143,0))) | E79: =IF($A79="","",IF(D79>5,"Severe",IF(D79>3,"Moderate","Minor"))) | F79: =IF($A79="","",INDEX('Data Input'!$F$6:$F$143,MATCH($A79,'Data Input'!$S$6:$S$143,0))) | G79: =IF($A79="","",INDEX('Data Input'!$H$6:$H$143,MATCH($A79,'Data Input'!$S$6:$S$143,0))) | H79: =IF($A79="","",INDEX('Data Input'!$I$6:$I$143,MATCH($A79,'Data Input'!$S$6:$S$143,0))) | I79: =IF($A79="","",INDEX('Data Input'!$M$6:$M$143,MATCH($A79,'Data Input'!$S$6:$S$143,0))) | J79: =IF($A79="","",IFERROR(IF(INDEX('Data Input'!$Q$6:$Q$143,MATCH($A79,'Data Input'!$S$6:$S$143,0))="","",INDEX('Data Input'!$Q$6:$Q$143,MATCH($A79,'Data Input'!$S$6:$S$143,0))),"")) | K79: =IF($A79="","",IFERROR(IF(INDEX('Data Input'!$R$6:$R$143,MATCH($A79,'Data Input'!$S$6:$S$143,0))="","",INDEX('Data Input'!$R$6:$R$143,MATCH($A79,'Data Input'!$S$6:$S$143,0))),""))
A80: =IF(75<=$B$3,75,"") | B80: =IF($A80="","",INDEX('Data Input'!$C$6:$C$143,MATCH($A80,'Data Input'!$S$6:$S$143,0))) | C80: =IF($A80="","",INDEX('Data Input'!$D$6:$D$143,MATCH($A80,'Data Input'!$S$6:$S$143,0))) | D80: =IF($A80="","",INDEX('Data Input'!$L$6:$L$143,MATCH($A80,'Data Input'!$S$6:$S$143,0))) | E80: =IF($A80="","",IF(D80>5,"Severe",IF(D80>3,"Moderate","Minor"))) | F80: =IF($A80="","",INDEX('Data Input'!$F$6:$F$143,MATCH($A80,'Data Input'!$S$6:$S$143,0))) | G80: =IF($A80="","",INDEX('Data Input'!$H$6:$H$143,MATCH($A80,'Data Input'!$S$6:$S$143,0))) | H80: =IF($A80="","",INDEX('Data Input'!$I$6:$I$143,MATCH($A80,'Data Input'!$S$6:$S$143,0))) | I80: =IF($A80="","",INDEX('Data Input'!$M$6:$M$143,MATCH($A80,'Data Input'!$S$6:$S$143,0))) | J80: =IF($A80="","",IFERROR(IF(INDEX('Data Input'!$Q$6:$Q$143,MATCH($A80,'Data Input'!$S$6:$S$143,0))="","",INDEX('Data Input'!$Q$6:$Q$143,MATCH($A80,'Data Input'!$S$6:$S$143,0))),"")) | K80: =IF($A80="","",IFERROR(IF(INDEX('Data Input'!$R$6:$R$143,MATCH($A80,'Data Input'!$S$6:$S$143,0))="","",INDEX('Data Input'!$R$6:$R$143,MATCH($A80,'Data Input'!$S$6:$S$143,0))),""))
A81: =IF(76<=$B$3,76,"") | B81: =IF($A81="","",INDEX('Data Input'!$C$6:$C$143,MATCH($A81,'Data Input'!$S$6:$S$143,0))) | C81: =IF($A81="","",INDEX('Data Input'!$D$6:$D$143,MATCH($A81,'Data Input'!$S$6:$S$143,0))) | D81: =IF($A81="","",INDEX('Data Input'!$L$6:$L$143,MATCH($A81,'Data Input'!$S$6:$S$143,0))) | E81: =IF($A81="","",IF(D81>5,"Severe",IF(D81>3,"Moderate","Minor"))) | F81: =IF($A81="","",INDEX('Data Input'!$F$6:$F$143,MATCH($A81,'Data Input'!$S$6:$S$143,0))) | G81: =IF($A81="","",INDEX('Data Input'!$H$6:$H$143,MATCH($A81,'Data Input'!$S$6:$S$143,0))) | H81: =IF($A81="","",INDEX('Data Input'!$I$6:$I$143,MATCH($A81,'Data Input'!$S$6:$S$143,0))) | I81: =IF($A81="","",INDEX('Data Input'!$M$6:$M$143,MATCH($A81,'Data Input'!$S$6:$S$143,0))) | J81: =IF($A81="","",IFERROR(IF(INDEX('Data Input'!$Q$6:$Q$143,MATCH($A81,'Data Input'!$S$6:$S$143,0))="","",INDEX('Data Input'!$Q$6:$Q$143,MATCH($A81,'Data Input'!$S$6:$S$143,0))),"")) | K81: =IF($A81="","",IFERROR(IF(INDEX('Data Input'!$R$6:$R$143,MATCH($A81,'Data Input'!$S$6:$S$143,0))="","",INDEX('Data Input'!$R$6:$R$143,MATCH($A81,'Data Input'!$S$6:$S$143,0))),""))
A82: =IF(77<=$B$3,77,"") | B82: =IF($A82="","",INDEX('Data Input'!$C$6:$C$143,MATCH($A82,'Data Input'!$S$6:$S$143,0))) | C82: =IF($A82="","",INDEX('Data Input'!$D$6:$D$143,MATCH($A82,'Data Input'!$S$6:$S$143,0))) | D82: =IF($A82="","",INDEX('Data Input'!$L$6:$L$143,MATCH($A82,'Data Input'!$S$6:$S$143,0))) | E82: =IF($A82="","",IF(D82>5,"Severe",IF(D82>3,"Moderate","Minor"))) | F82: =IF($A82="","",INDEX('Data Input'!$F$6:$F$143,MATCH($A82,'Data Input'!$S$6:$S$143,0))) | G82: =IF($A82="","",INDEX('Data Input'!$H$6:$H$143,MATCH($A82,'Data Input'!$S$6:$S$143,0))) | H82: =IF($A82="","",INDEX('Data Input'!$I$6:$I$143,MATCH($A82,'Data Input'!$S$6:$S$143,0))) | I82: =IF($A82="","",INDEX('Data Input'!$M$6:$M$143,MATCH($A82,'Data Input'!$S$6:$S$143,0))) | J82: =IF($A82="","",IFERROR(IF(INDEX('Data Input'!$Q$6:$Q$143,MATCH($A82,'Data Input'!$S$6:$S$143,0))="","",INDEX('Data Input'!$Q$6:$Q$143,MATCH($A82,'Data Input'!$S$6:$S$143,0))),"")) | K82: =IF($A82="","",IFERROR(IF(INDEX('Data Input'!$R$6:$R$143,MATCH($A82,'Data Input'!$S$6:$S$143,0))="","",INDEX('Data Input'!$R$6:$R$143,MATCH($A82,'Data Input'!$S$6:$S$143,0))),""))
A83: =IF(78<=$B$3,78,"") | B83: =IF($A83="","",INDEX('Data Input'!$C$6:$C$143,MATCH($A83,'Data Input'!$S$6:$S$143,0))) | C83: =IF($A83="","",INDEX('Data Input'!$D$6:$D$143,MATCH($A83,'Data Input'!$S$6:$S$143,0))) | D83: =IF($A83="","",INDEX('Data Input'!$L$6:$L$143,MATCH($A83,'Data Input'!$S$6:$S$143,0))) | E83: =IF($A83="","",IF(D83>5,"Severe",IF(D83>3,"Moderate","Minor"))) | F83: =IF($A83="","",INDEX('Data Input'!$F$6:$F$143,MATCH($A83,'Data Input'!$S$6:$S$143,0))) | G83: =IF($A83="","",INDEX('Data Input'!$H$6:$H$143,MATCH($A83,'Data Input'!$S$6:$S$143,0))) | H83: =IF($A83="","",INDEX('Data Input'!$I$6:$I$143,MATCH($A83,'Data Input'!$S$6:$S$143,0))) | I83: =IF($A83="","",INDEX('Data Input'!$M$6:$M$143,MATCH($A83,'Data Input'!$S$6:$S$143,0))) | J83: =IF($A83="","",IFERROR(IF(INDEX('Data Input'!$Q$6:$Q$143,MATCH($A83,'Data Input'!$S$6:$S$143,0))="","",INDEX('Data Input'!$Q$6:$Q$143,MATCH($A83,'Data Input'!$S$6:$S$143,0))),"")) | K83: =IF($A83="","",IFERROR(IF(INDEX('Data Input'!$R$6:$R$143,MATCH($A83,'Data Input'!$S$6:$S$143,0))="","",INDEX('Data Input'!$R$6:$R$143,MATCH($A83,'Data Input'!$S$6:$S$143,0))),""))
A84: =IF(79<=$B$3,79,"") | B84: =IF($A84="","",INDEX('Data Input'!$C$6:$C$143,MATCH($A84,'Data Input'!$S$6:$S$143,0))) | C84: =IF($A84="","",INDEX('Data Input'!$D$6:$D$143,MATCH($A84,'Data Input'!$S$6:$S$143,0))) | D84: =IF($A84="","",INDEX('Data Input'!$L$6:$L$143,MATCH($A84,'Data Input'!$S$6:$S$143,0))) | E84: =IF($A84="","",IF(D84>5,"Severe",IF(D84>3,"Moderate","Minor"))) | F84: =IF($A84="","",INDEX('Data Input'!$F$6:$F$143,MATCH($A84,'Data Input'!$S$6:$S$143,0))) | G84: =IF($A84="","",INDEX('Data Input'!$H$6:$H$143,MATCH($A84,'Data Input'!$S$6:$S$143,0))) | H84: =IF($A84="","",INDEX('Data Input'!$I$6:$I$143,MATCH($A84,'Data Input'!$S$6:$S$143,0))) | I84: =IF($A84="","",INDEX('Data Input'!$M$6:$M$143,MATCH($A84,'Data Input'!$S$6:$S$143,0))) | J84: =IF($A84="","",IFERROR(IF(INDEX('Data Input'!$Q$6:$Q$143,MATCH($A84,'Data Input'!$S$6:$S$143,0))="","",INDEX('Data Input'!$Q$6:$Q$143,MATCH($A84,'Data Input'!$S$6:$S$143,0))),"")) | K84: =IF($A84="","",IFERROR(IF(INDEX('Data Input'!$R$6:$R$143,MATCH($A84,'Data Input'!$S$6:$S$143,0))="","",INDEX('Data Input'!$R$6:$R$143,MATCH($A84,'Data Input'!$S$6:$S$143,0))),""))
A85: =IF(80<=$B$3,80,"") | B85: =IF($A85="","",INDEX('Data Input'!$C$6:$C$143,MATCH($A85,'Data Input'!$S$6:$S$143,0))) | C85: =IF($A85="","",INDEX('Data Input'!$D$6:$D$143,MATCH($A85,'Data Input'!$S$6:$S$143,0))) | D85: =IF($A85="","",INDEX('Data Input'!$L$6:$L$143,MATCH($A85,'Data Input'!$S$6:$S$143,0))) | E85: =IF($A85="","",IF(D85>5,"Severe",IF(D85>3,"Moderate","Minor"))) | F85: =IF($A85="","",INDEX('Data Input'!$F$6:$F$143,MATCH($A85,'Data Input'!$S$6:$S$143,0))) | G85: =IF($A85="","",INDEX('Data Input'!$H$6:$H$143,MATCH($A85,'Data Input'!$S$6:$S$143,0))) | H85: =IF($A85="","",INDEX('Data Input'!$I$6:$I$143,MATCH($A85,'Data Input'!$S$6:$S$143,0))) | I85: =IF($A85="","",INDEX('Data Input'!$M$6:$M$143,MATCH($A85,'Data Input'!$S$6:$S$143,0))) | J85: =IF($A85="","",IFERROR(IF(INDEX('Data Input'!$Q$6:$Q$143,MATCH($A85,'Data Input'!$S$6:$S$143,0))="","",INDEX('Data Input'!$Q$6:$Q$143,MATCH($A85,'Data Input'!$S$6:$S$143,0))),"")) | K85: =IF($A85="","",IFERROR(IF(INDEX('Data Input'!$R$6:$R$143,MATCH($A85,'Data Input'!$S$6:$S$143,0))="","",INDEX('Data Input'!$R$6:$R$143,MATCH($A85,'Data Input'!$S$6:$S$143,0))),""))
A86: =IF(81<=$B$3,81,"") | B86: =IF($A86="","",INDEX('Data Input'!$C$6:$C$143,MATCH($A86,'Data Input'!$S$6:$S$143,0))) | C86: =IF($A86="","",INDEX('Data Input'!$D$6:$D$143,MATCH($A86,'Data Input'!$S$6:$S$143,0))) | D86: =IF($A86="","",INDEX('Data Input'!$L$6:$L$143,MATCH($A86,'Data Input'!$S$6:$S$143,0))) | E86: =IF($A86="","",IF(D86>5,"Severe",IF(D86>3,"Moderate","Minor"))) | F86: =IF($A86="","",INDEX('Data Input'!$F$6:$F$143,MATCH($A86,'Data Input'!$S$6:$S$143,0))) | G86: =IF($A86="","",INDEX('Data Input'!$H$6:$H$143,MATCH($A86,'Data Input'!$S$6:$S$143,0))) | H86: =IF($A86="","",INDEX('Data Input'!$I$6:$I$143,MATCH($A86,'Data Input'!$S$6:$S$143,0))) | I86: =IF($A86="","",INDEX('Data Input'!$M$6:$M$143,MATCH($A86,'Data Input'!$S$6:$S$143,0))) | J86: =IF($A86="","",IFERROR(IF(INDEX('Data Input'!$Q$6:$Q$143,MATCH($A86,'Data Input'!$S$6:$S$143,0))="","",INDEX('Data Input'!$Q$6:$Q$143,MATCH($A86,'Data Input'!$S$6:$S$143,0))),"")) | K86: =IF($A86="","",IFERROR(IF(INDEX('Data Input'!$R$6:$R$143,MATCH($A86,'Data Input'!$S$6:$S$143,0))="","",INDEX('Data Input'!$R$6:$R$143,MATCH($A86,'Data Input'!$S$6:$S$143,0))),""))
A87: =IF(82<=$B$3,82,"") | B87: =IF($A87="","",INDEX('Data Input'!$C$6:$C$143,MATCH($A87,'Data Input'!$S$6:$S$143,0))) | C87: =IF($A87="","",INDEX('Data Input'!$D$6:$D$143,MATCH($A87,'Data Input'!$S$6:$S$143,0))) | D87: =IF($A87="","",INDEX('Data Input'!$L$6:$L$143,MATCH($A87,'Data Input'!$S$6:$S$143,0))) | E87: =IF($A87="","",IF(D87>5,"Severe",IF(D87>3,"Moderate","Minor"))) | F87: =IF($A87="","",INDEX('Data Input'!$F$6:$F$143,MATCH($A87,'Data Input'!$S$6:$S$143,0))) | G87: =IF($A87="","",INDEX('Data Input'!$H$6:$H$143,MATCH($A87,'Data Input'!$S$6:$S$143,0))) | H87: =IF($A87="","",INDEX('Data Input'!$I$6:$I$143,MATCH($A87,'Data Input'!$S$6:$S$143,0))) | I87: =IF($A87="","",INDEX('Data Input'!$M$6:$M$143,MATCH($A87,'Data Input'!$S$6:$S$143,0))) | J87: =IF($A87="","",IFERROR(IF(INDEX('Data Input'!$Q$6:$Q$143,MATCH($A87,'Data Input'!$S$6:$S$143,0))="","",INDEX('Data Input'!$Q$6:$Q$143,MATCH($A87,'Data Input'!$S$6:$S$143,0))),"")) | K87: =IF($A87="","",IFERROR(IF(INDEX('Data Input'!$R$6:$R$143,MATCH($A87,'Data Input'!$S$6:$S$143,0))="","",INDEX('Data Input'!$R$6:$R$143,MATCH($A87,'Data Input'!$S$6:$S$143,0))),""))
A88: =IF(83<=$B$3,83,"") | B88: =IF($A88="","",INDEX('Data Input'!$C$6:$C$143,MATCH($A88,'Data Input'!$S$6:$S$143,0))) | C88: =IF($A88="","",INDEX('Data Input'!$D$6:$D$143,MATCH($A88,'Data Input'!$S$6:$S$143,0))) | D88: =IF($A88="","",INDEX('Data Input'!$L$6:$L$143,MATCH($A88,'Data Input'!$S$6:$S$143,0))) | E88: =IF($A88="","",IF(D88>5,"Severe",IF(D88>3,"Moderate","Minor"))) | F88: =IF($A88="","",INDEX('Data Input'!$F$6:$F$143,MATCH($A88,'Data Input'!$S$6:$S$143,0))) | G88: =IF($A88="","",INDEX('Data Input'!$H$6:$H$143,MATCH($A88,'Data Input'!$S$6:$S$143,0))) | H88: =IF($A88="","",INDEX('Data Input'!$I$6:$I$143,MATCH($A88,'Data Input'!$S$6:$S$143,0))) | I88: =IF($A88="","",INDEX('Data Input'!$M$6:$M$143,MATCH($A88,'Data Input'!$S$6:$S$143,0))) | J88: =IF($A88="","",IFERROR(IF(INDEX('Data Input'!$Q$6:$Q$143,MATCH($A88,'Data Input'!$S$6:$S$143,0))="","",INDEX('Data Input'!$Q$6:$Q$143,MATCH($A88,'Data Input'!$S$6:$S$143,0))),"")) | K88: =IF($A88="","",IFERROR(IF(INDEX('Data Input'!$R$6:$R$143,MATCH($A88,'Data Input'!$S$6:$S$143,0))="","",INDEX('Data Input'!$R$6:$R$143,MATCH($A88,'Data Input'!$S$6:$S$143,0))),""))
A89: =IF(84<=$B$3,84,"") | B89: =IF($A89="","",INDEX('Data Input'!$C$6:$C$143,MATCH($A89,'Data Input'!$S$6:$S$143,0))) | C89: =IF($A89="","",INDEX('Data Input'!$D$6:$D$143,MATCH($A89,'Data Input'!$S$6:$S$143,0))) | D89: =IF($A89="","",INDEX('Data Input'!$L$6:$L$143,MATCH($A89,'Data Input'!$S$6:$S$143,0))) | E89: =IF($A89="","",IF(D89>5,"Severe",IF(D89>3,"Moderate","Minor"))) | F89: =IF($A89="","",INDEX('Data Input'!$F$6:$F$143,MATCH($A89,'Data Input'!$S$6:$S$143,0))) | G89: =IF($A89="","",INDEX('Data Input'!$H$6:$H$143,MATCH($A89,'Data Input'!$S$6:$S$143,0))) | H89: =IF($A89="","",INDEX('Data Input'!$I$6:$I$143,MATCH($A89,'Data Input'!$S$6:$S$143,0))) | I89: =IF($A89="","",INDEX('Data Input'!$M$6:$M$143,MATCH($A89,'Data Input'!$S$6:$S$143,0))) | J89: =IF($A89="","",IFERROR(IF(INDEX('Data Input'!$Q$6:$Q$143,MATCH($A89,'Data Input'!$S$6:$S$143,0))="","",INDEX('Data Input'!$Q$6:$Q$143,MATCH($A89,'Data Input'!$S$6:$S$143,0))),"")) | K89: =IF($A89="","",IFERROR(IF(INDEX('Data Input'!$R$6:$R$143,MATCH($A89,'Data Input'!$S$6:$S$143,0))="","",INDEX('Data Input'!$R$6:$R$143,MATCH($A89,'Data Input'!$S$6:$S$143,0))),""))
A90: =IF(85<=$B$3,85,"") | B90: =IF($A90="","",INDEX('Data Input'!$C$6:$C$143,MATCH($A90,'Data Input'!$S$6:$S$143,0))) | C90: =IF($A90="","",INDEX('Data Input'!$D$6:$D$143,MATCH($A90,'Data Input'!$S$6:$S$143,0))) | D90: =IF($A90="","",INDEX('Data Input'!$L$6:$L$143,MATCH($A90,'Data Input'!$S$6:$S$143,0))) | E90: =IF($A90="","",IF(D90>5,"Severe",IF(D90>3,"Moderate","Minor"))) | F90: =IF($A90="","",INDEX('Data Input'!$F$6:$F$143,MATCH($A90,'Data Input'!$S$6:$S$143,0))) | G90: =IF($A90="","",INDEX('Data Input'!$H$6:$H$143,MATCH($A90,'Data Input'!$S$6:$S$143,0))) | H90: =IF($A90="","",INDEX('Data Input'!$I$6:$I$143,MATCH($A90,'Data Input'!$S$6:$S$143,0))) | I90: =IF($A90="","",INDEX('Data Input'!$M$6:$M$143,MATCH($A90,'Data Input'!$S$6:$S$143,0))) | J90: =IF($A90="","",IFERROR(IF(INDEX('Data Input'!$Q$6:$Q$143,MATCH($A90,'Data Input'!$S$6:$S$143,0))="","",INDEX('Data Input'!$Q$6:$Q$143,MATCH($A90,'Data Input'!$S$6:$S$143,0))),"")) | K90: =IF($A90="","",IFERROR(IF(INDEX('Data Input'!$R$6:$R$143,MATCH($A90,'Data Input'!$S$6:$S$143,0))="","",INDEX('Data Input'!$R$6:$R$143,MATCH($A90,'Data Input'!$S$6:$S$143,0))),""))
A91: =IF(86<=$B$3,86,"") | B91: =IF($A91="","",INDEX('Data Input'!$C$6:$C$143,MATCH($A91,'Data Input'!$S$6:$S$143,0))) | C91: =IF($A91="","",INDEX('Data Input'!$D$6:$D$143,MATCH($A91,'Data Input'!$S$6:$S$143,0))) | D91: =IF($A91="","",INDEX('Data Input'!$L$6:$L$143,MATCH($A91,'Data Input'!$S$6:$S$143,0))) | E91: =IF($A91="","",IF(D91>5,"Severe",IF(D91>3,"Moderate","Minor"))) | F91: =IF($A91="","",INDEX('Data Input'!$F$6:$F$143,MATCH($A91,'Data Input'!$S$6:$S$143,0))) | G91: =IF($A91="","",INDEX('Data Input'!$H$6:$H$143,MATCH($A91,'Data Input'!$S$6:$S$143,0))) | H91: =IF($A91="","",INDEX('Data Input'!$I$6:$I$143,MATCH($A91,'Data Input'!$S$6:$S$143,0))) | I91: =IF($A91="","",INDEX('Data Input'!$M$6:$M$143,MATCH($A91,'Data Input'!$S$6:$S$143,0))) | J91: =IF($A91="","",IFERROR(IF(INDEX('Data Input'!$Q$6:$Q$143,MATCH($A91,'Data Input'!$S$6:$S$143,0))="","",INDEX('Data Input'!$Q$6:$Q$143,MATCH($A91,'Data Input'!$S$6:$S$143,0))),"")) | K91: =IF($A91="","",IFERROR(IF(INDEX('Data Input'!$R$6:$R$143,MATCH($A91,'Data Input'!$S$6:$S$143,0))="","",INDEX('Data Input'!$R$6:$R$143,MATCH($A91,'Data Input'!$S$6:$S$143,0))),""))
A92: =IF(87<=$B$3,87,"") | B92: =IF($A92="","",INDEX('Data Input'!$C$6:$C$143,MATCH($A92,'Data Input'!$S$6:$S$143,0))) | C92: =IF($A92="","",INDEX('Data Input'!$D$6:$D$143,MATCH($A92,'Data Input'!$S$6:$S$143,0))) | D92: =IF($A92="","",INDEX('Data Input'!$L$6:$L$143,MATCH($A92,'Data Input'!$S$6:$S$143,0))) | E92: =IF($A92="","",IF(D92>5,"Severe",IF(D92>3,"Moderate","Minor"))) | F92: =IF($A92="","",INDEX('Data Input'!$F$6:$F$143,MATCH($A92,'Data Input'!$S$6:$S$143,0))) | G92: =IF($A92="","",INDEX('Data Input'!$H$6:$H$143,MATCH($A92,'Data Input'!$S$6:$S$143,0))) | H92: =IF($A92="","",INDEX('Data Input'!$I$6:$I$143,MATCH($A92,'Data Input'!$S$6:$S$143,0))) | I92: =IF($A92="","",INDEX('Data Input'!$M$6:$M$143,MATCH($A92,'Data Input'!$S$6:$S$143,0))) | J92: =IF($A92="","",IFERROR(IF(INDEX('Data Input'!$Q$6:$Q$143,MATCH($A92,'Data Input'!$S$6:$S$143,0))="","",INDEX('Data Input'!$Q$6:$Q$143,MATCH($A92,'Data Input'!$S$6:$S$143,0))),"")) | K92: =IF($A92="","",IFERROR(IF(INDEX('Data Input'!$R$6:$R$143,MATCH($A92,'Data Input'!$S$6:$S$143,0))="","",INDEX('Data Input'!$R$6:$R$143,MATCH($A92,'Data Input'!$S$6:$S$143,0))),""))
A93: =IF(88<=$B$3,88,"") | B93: =IF($A93="","",INDEX('Data Input'!$C$6:$C$143,MATCH($A93,'Data Input'!$S$6:$S$143,0))) | C93: =IF($A93="","",INDEX('Data Input'!$D$6:$D$143,MATCH($A93,'Data Input'!$S$6:$S$143,0))) | D93: =IF($A93="","",INDEX('Data Input'!$L$6:$L$143,MATCH($A93,'Data Input'!$S$6:$S$143,0))) | E93: =IF($A93="","",IF(D93>5,"Severe",IF(D93>3,"Moderate","Minor"))) | F93: =IF($A93="","",INDEX('Data Input'!$F$6:$F$143,MATCH($A93,'Data Input'!$S$6:$S$143,0))) | G93: =IF($A93="","",INDEX('Data Input'!$H$6:$H$143,MATCH($A93,'Data Input'!$S$6:$S$143,0))) | H93: =IF($A93="","",INDEX('Data Input'!$I$6:$I$143,MATCH($A93,'Data Input'!$S$6:$S$143,0))) | I93: =IF($A93="","",INDEX('Data Input'!$M$6:$M$143,MATCH($A93,'Data Input'!$S$6:$S$143,0))) | J93: =IF($A93="","",IFERROR(IF(INDEX('Data Input'!$Q$6:$Q$143,MATCH($A93,'Data Input'!$S$6:$S$143,0))="","",INDEX('Data Input'!$Q$6:$Q$143,MATCH($A93,'Data Input'!$S$6:$S$143,0))),"")) | K93: =IF($A93="","",IFERROR(IF(INDEX('Data Input'!$R$6:$R$143,MATCH($A93,'Data Input'!$S$6:$S$143,0))="","",INDEX('Data Input'!$R$6:$R$143,MATCH($A93,'Data Input'!$S$6:$S$143,0))),""))
A94: =IF(89<=$B$3,89,"") | B94: =IF($A94="","",INDEX('Data Input'!$C$6:$C$143,MATCH($A94,'Data Input'!$S$6:$S$143,0))) | C94: =IF($A94="","",INDEX('Data Input'!$D$6:$D$143,MATCH($A94,'Data Input'!$S$6:$S$143,0))) | D94: =IF($A94="","",INDEX('Data Input'!$L$6:$L$143,MATCH($A94,'Data Input'!$S$6:$S$143,0))) | E94: =IF($A94="","",IF(D94>5,"Severe",IF(D94>3,"Moderate","Minor"))) | F94: =IF($A94="","",INDEX('Data Input'!$F$6:$F$143,MATCH($A94,'Data Input'!$S$6:$S$143,0))) | G94: =IF($A94="","",INDEX('Data Input'!$H$6:$H$143,MATCH($A94,'Data Input'!$S$6:$S$143,0))) | H94: =IF($A94="","",INDEX('Data Input'!$I$6:$I$143,MATCH($A94,'Data Input'!$S$6:$S$143,0))) | I94: =IF($A94="","",INDEX('Data Input'!$M$6:$M$143,MATCH($A94,'Data Input'!$S$6:$S$143,0))) | J94: =IF($A94="","",IFERROR(IF(INDEX('Data Input'!$Q$6:$Q$143,MATCH($A94,'Data Input'!$S$6:$S$143,0))="","",INDEX('Data Input'!$Q$6:$Q$143,MATCH($A94,'Data Input'!$S$6:$S$143,0))),"")) | K94: =IF($A94="","",IFERROR(IF(INDEX('Data Input'!$R$6:$R$143,MATCH($A94,'Data Input'!$S$6:$S$143,0))="","",INDEX('Data Input'!$R$6:$R$143,MATCH($A94,'Data Input'!$S$6:$S$143,0))),""))
A95: =IF(90<=$B$3,90,"") | B95: =IF($A95="","",INDEX('Data Input'!$C$6:$C$143,MATCH($A95,'Data Input'!$S$6:$S$143,0))) | C95: =IF($A95="","",INDEX('Data Input'!$D$6:$D$143,MATCH($A95,'Data Input'!$S$6:$S$143,0))) | D95: =IF($A95="","",INDEX('Data Input'!$L$6:$L$143,MATCH($A95,'Data Input'!$S$6:$S$143,0))) | E95: =IF($A95="","",IF(D95>5,"Severe",IF(D95>3,"Moderate","Minor"))) | F95: =IF($A95="","",INDEX('Data Input'!$F$6:$F$143,MATCH($A95,'Data Input'!$S$6:$S$143,0))) | G95: =IF($A95="","",INDEX('Data Input'!$H$6:$H$143,MATCH($A95,'Data Input'!$S$6:$S$143,0))) | H95: =IF($A95="","",INDEX('Data Input'!$I$6:$I$143,MATCH($A95,'Data Input'!$S$6:$S$143,0))) | I95: =IF($A95="","",INDEX('Data Input'!$M$6:$M$143,MATCH($A95,'Data Input'!$S$6:$S$143,0))) | J95: =IF($A95="","",IFERROR(IF(INDEX('Data Input'!$Q$6:$Q$143,MATCH($A95,'Data Input'!$S$6:$S$143,0))="","",INDEX('Data Input'!$Q$6:$Q$143,MATCH($A95,'Data Input'!$S$6:$S$143,0))),"")) | K95: =IF($A95="","",IFERROR(IF(INDEX('Data Input'!$R$6:$R$143,MATCH($A95,'Data Input'!$S$6:$S$143,0))="","",INDEX('Data Input'!$R$6:$R$143,MATCH($A95,'Data Input'!$S$6:$S$143,0))),""))
A96: =IF(91<=$B$3,91,"") | B96: =IF($A96="","",INDEX('Data Input'!$C$6:$C$143,MATCH($A96,'Data Input'!$S$6:$S$143,0))) | C96: =IF($A96="","",INDEX('Data Input'!$D$6:$D$143,MATCH($A96,'Data Input'!$S$6:$S$143,0))) | D96: =IF($A96="","",INDEX('Data Input'!$L$6:$L$143,MATCH($A96,'Data Input'!$S$6:$S$143,0))) | E96: =IF($A96="","",IF(D96>5,"Severe",IF(D96>3,"Moderate","Minor"))) | F96: =IF($A96="","",INDEX('Data Input'!$F$6:$F$143,MATCH($A96,'Data Input'!$S$6:$S$143,0))) | G96: =IF($A96="","",INDEX('Data Input'!$H$6:$H$143,MATCH($A96,'Data Input'!$S$6:$S$143,0))) | H96: =IF($A96="","",INDEX('Data Input'!$I$6:$I$143,MATCH($A96,'Data Input'!$S$6:$S$143,0))) | I96: =IF($A96="","",INDEX('Data Input'!$M$6:$M$143,MATCH($A96,'Data Input'!$S$6:$S$143,0))) | J96: =IF($A96="","",IFERROR(IF(INDEX('Data Input'!$Q$6:$Q$143,MATCH($A96,'Data Input'!$S$6:$S$143,0))="","",INDEX('Data Input'!$Q$6:$Q$143,MATCH($A96,'Data Input'!$S$6:$S$143,0))),"")) | K96: =IF($A96="","",IFERROR(IF(INDEX('Data Input'!$R$6:$R$143,MATCH($A96,'Data Input'!$S$6:$S$143,0))="","",INDEX('Data Input'!$R$6:$R$143,MATCH($A96,'Data Input'!$S$6:$S$143,0))),""))
A97: =IF(92<=$B$3,92,"") | B97: =IF($A97="","",INDEX('Data Input'!$C$6:$C$143,MATCH($A97,'Data Input'!$S$6:$S$143,0))) | C97: =IF($A97="","",INDEX('Data Input'!$D$6:$D$143,MATCH($A97,'Data Input'!$S$6:$S$143,0))) | D97: =IF($A97="","",INDEX('Data Input'!$L$6:$L$143,MATCH($A97,'Data Input'!$S$6:$S$143,0))) | E97: =IF($A97="","",IF(D97>5,"Severe",IF(D97>3,"Moderate","Minor"))) | F97: =IF($A97="","",INDEX('Data Input'!$F$6:$F$143,MATCH($A97,'Data Input'!$S$6:$S$143,0))) | G97: =IF($A97="","",INDEX('Data Input'!$H$6:$H$143,MATCH($A97,'Data Input'!$S$6:$S$143,0))) | H97: =IF($A97="","",INDEX('Data Input'!$I$6:$I$143,MATCH($A97,'Data Input'!$S$6:$S$143,0))) | I97: =IF($A97="","",INDEX('Data Input'!$M$6:$M$143,MATCH($A97,'Data Input'!$S$6:$S$143,0))) | J97: =IF($A97="","",IFERROR(IF(INDEX('Data Input'!$Q$6:$Q$143,MATCH($A97,'Data Input'!$S$6:$S$143,0))="","",INDEX('Data Input'!$Q$6:$Q$143,MATCH($A97,'Data Input'!$S$6:$S$143,0))),"")) | K97: =IF($A97="","",IFERROR(IF(INDEX('Data Input'!$R$6:$R$143,MATCH($A97,'Data Input'!$S$6:$S$143,0))="","",INDEX('Data Input'!$R$6:$R$143,MATCH($A97,'Data Input'!$S$6:$S$143,0))),""))
A98: =IF(93<=$B$3,93,"") | B98: =IF($A98="","",INDEX('Data Input'!$C$6:$C$143,MATCH($A98,'Data Input'!$S$6:$S$143,0))) | C98: =IF($A98="","",INDEX('Data Input'!$D$6:$D$143,MATCH($A98,'Data Input'!$S$6:$S$143,0))) | D98: =IF($A98="","",INDEX('Data Input'!$L$6:$L$143,MATCH($A98,'Data Input'!$S$6:$S$143,0))) | E98: =IF($A98="","",IF(D98>5,"Severe",IF(D98>3,"Moderate","Minor"))) | F98: =IF($A98="","",INDEX('Data Input'!$F$6:$F$143,MATCH($A98,'Data Input'!$S$6:$S$143,0))) | G98: =IF($A98="","",INDEX('Data Input'!$H$6:$H$143,MATCH($A98,'Data Input'!$S$6:$S$143,0))) | H98: =IF($A98="","",INDEX('Data Input'!$I$6:$I$143,MATCH($A98,'Data Input'!$S$6:$S$143,0))) | I98: =IF($A98="","",INDEX('Data Input'!$M$6:$M$143,MATCH($A98,'Data Input'!$S$6:$S$143,0))) | J98: =IF($A98="","",IFERROR(IF(INDEX('Data Input'!$Q$6:$Q$143,MATCH($A98,'Data Input'!$S$6:$S$143,0))="","",INDEX('Data Input'!$Q$6:$Q$143,MATCH($A98,'Data Input'!$S$6:$S$143,0))),"")) | K98: =IF($A98="","",IFERROR(IF(INDEX('Data Input'!$R$6:$R$143,MATCH($A98,'Data Input'!$S$6:$S$143,0))="","",INDEX('Data Input'!$R$6:$R$143,MATCH($A98,'Data Input'!$S$6:$S$143,0))),""))
A99: =IF(94<=$B$3,94,"") | B99: =IF($A99="","",INDEX('Data Input'!$C$6:$C$143,MATCH($A99,'Data Input'!$S$6:$S$143,0))) | C99: =IF($A99="","",INDEX('Data Input'!$D$6:$D$143,MATCH($A99,'Data Input'!$S$6:$S$143,0))) | D99: =IF($A99="","",INDEX('Data Input'!$L$6:$L$143,MATCH($A99,'Data Input'!$S$6:$S$143,0))) | E99: =IF($A99="","",IF(D99>5,"Severe",IF(D99>3,"Moderate","Minor"))) | F99: =IF($A99="","",INDEX('Data Input'!$F$6:$F$143,MATCH($A99,'Data Input'!$S$6:$S$143,0))) | G99: =IF($A99="","",INDEX('Data Input'!$H$6:$H$143,MATCH($A99,'Data Input'!$S$6:$S$143,0))) | H99: =IF($A99="","",INDEX('Data Input'!$I$6:$I$143,MATCH($A99,'Data Input'!$S$6:$S$143,0))) | I99: =IF($A99="","",INDEX('Data Input'!$M$6:$M$143,MATCH($A99,'Data Input'!$S$6:$S$143,0))) | J99: =IF($A99="","",IFERROR(IF(INDEX('Data Input'!$Q$6:$Q$143,MATCH($A99,'Data Input'!$S$6:$S$143,0))="","",INDEX('Data Input'!$Q$6:$Q$143,MATCH($A99,'Data Input'!$S$6:$S$143,0))),"")) | K99: =IF($A99="","",IFERROR(IF(INDEX('Data Input'!$R$6:$R$143,MATCH($A99,'Data Input'!$S$6:$S$143,0))="","",INDEX('Data Input'!$R$6:$R$143,MATCH($A99,'Data Input'!$S$6:$S$143,0))),""))
A100: =IF(95<=$B$3,95,"") | B100: =IF($A100="","",INDEX('Data Input'!$C$6:$C$143,MATCH($A100,'Data Input'!$S$6:$S$143,0))) | C100: =IF($A100="","",INDEX('Data Input'!$D$6:$D$143,MATCH($A100,'Data Input'!$S$6:$S$143,0))) | D100: =IF($A100="","",INDEX('Data Input'!$L$6:$L$143,MATCH($A100,'Data Input'!$S$6:$S$143,0))) | E100: =IF($A100="","",IF(D100>5,"Severe",IF(D100>3,"Moderate","Minor"))) | F100: =IF($A100="","",INDEX('Data Input'!$F$6:$F$143,MATCH($A100,'Data Input'!$S$6:$S$143,0))) | G100: =IF($A100="","",INDEX('Data Input'!$H$6:$H$143,MATCH($A100,'Data Input'!$S$6:$S$143,0))) | H100: =IF($A100="","",INDEX('Data Input'!$I$6:$I$143,MATCH($A100,'Data Input'!$S$6:$S$143,0))) | I100: =IF($A100="","",INDEX('Data Input'!$M$6:$M$143,MATCH($A100,'Data Input'!$S$6:$S$143,0))) | J100: =IF($A100="","",IFERROR(IF(INDEX('Data Input'!$Q$6:$Q$143,MATCH($A100,'Data Input'!$S$6:$S$143,0))="","",INDEX('Data Input'!$Q$6:$Q$143,MATCH($A100,'Data Input'!$S$6:$S$143,0))),"")) | K100: =IF($A100="","",IFERROR(IF(INDEX('Data Input'!$R$6:$R$143,MATCH($A100,'Data Input'!$S$6:$S$143,0))="","",INDEX('Data Input'!$R$6:$R$143,MATCH($A100,'Data Input'!$S$6:$S$143,0))),""))
A101: =IF(96<=$B$3,96,"") | B101: =IF($A101="","",INDEX('Data Input'!$C$6:$C$143,MATCH($A101,'Data Input'!$S$6:$S$143,0))) | C101: =IF($A101="","",INDEX('Data Input'!$D$6:$D$143,MATCH($A101,'Data Input'!$S$6:$S$143,0))) | D101: =IF($A101="","",INDEX('Data Input'!$L$6:$L$143,MATCH($A101,'Data Input'!$S$6:$S$143,0))) | E101: =IF($A101="","",IF(D101>5,"Severe",IF(D101>3,"Moderate","Minor"))) | F101: =IF($A101="","",INDEX('Data Input'!$F$6:$F$143,MATCH($A101,'Data Input'!$S$6:$S$143,0))) | G101: =IF($A101="","",INDEX('Data Input'!$H$6:$H$143,MATCH($A101,'Data Input'!$S$6:$S$143,0))) | H101: =IF($A101="","",INDEX('Data Input'!$I$6:$I$143,MATCH($A101,'Data Input'!$S$6:$S$143,0))) | I101: =IF($A101="","",INDEX('Data Input'!$M$6:$M$143,MATCH($A101,'Data Input'!$S$6:$S$143,0))) | J101: =IF($A101="","",IFERROR(IF(INDEX('Data Input'!$Q$6:$Q$143,MATCH($A101,'Data Input'!$S$6:$S$143,0))="","",INDEX('Data Input'!$Q$6:$Q$143,MATCH($A101,'Data Input'!$S$6:$S$143,0))),"")) | K101: =IF($A101="","",IFERROR(IF(INDEX('Data Input'!$R$6:$R$143,MATCH($A101,'Data Input'!$S$6:$S$143,0))="","",INDEX('Data Input'!$R$6:$R$143,MATCH($A101,'Data Input'!$S$6:$S$143,0))),""))
...

Sheet Weekly Narrative
A1: Weekly Narrative
A2: Sample data is illustrative only. Replace values using the Data Input sheet each week.
A4: Metric | B4: Result | C4: Interpretation
A5: Total interval/time blocks reviewed | B5: =COUNTA('Data Input'!D6:D143) -> 138 | C5: 14 time blocks reviewed in week
A6: Missed 2-min AWT intervals | B6: =COUNTIF('Data Input'!L6:L143,">2") -> 53 | C6: Intervals where AWT minutes exceeded 2.0 target
A7: Days with missed intervals | B7: {=SUM(--(COUNTIFS('Data Input'!C6:C143,{"Monday","Tuesday","Wednesday","Thursday","Friday","Saturday","Sunday"},'Data Input'!L6:L143,">2")>0))} -> 6 | C7: Days with at least one AWT miss
A8: Days abandon >7% | B8: {=SUM(--(((SUMIFS(I27:I32,A27:A32,{"Monday","Tuesday","Wednesday","Thursday","Friday","Saturday","Sunday"})))>7%))} -> 4 | C8: Days where abandon rate exceeded 7%
A9: Worst AWT minutes | B9: =MAX('Data Input'!L6:L143) -> 17.833333 | C9: Highest average wait time in the sample
A10: Total offered calls | B10: =SUM('Data Input'!F6:F143) -> 26213 | C10: Total demand for week
A11: Total abandoned calls | B11: =SUM('Data Input'!H6:H143) -> 2623 | C11: Total callers who abandoned before handling
A12: Weekly abandon rate | B12: =B11/SUM('Data Input'!F6:F143) -> 0.10006485 | C12: Weekly abandon percentage
A13: Forecast variance | B13: =((SUM('Data Input'!F6:F143)-SUM('Data Input'!E6:E143))/SUM('Data Input'!E6:E143)) -> 0.038467633 | C13: Positive = actual offered calls above forecast
A16: Narrative
A17: The 2-minute AWT target was missed in multiple intervals across the week of 08/03/2026 to 08/08/2026. Monday, Wednesday and Thursday saw the most intervals with misses and it was spread across the whole day. The largest drivers were unplanned shrinkage (especially tardies at the beginning of the day), forecast variance and high AHT. Attrition: 3 from CP360 and 1 from HCL Guatemala 1 Houston agent on LOA
A25: Daily Exception Summary
A26: Day | B26: Missed AWT Blocks | C26: Calls Forecast | D26: Calls Offered | E26: Calls Answered | F26: Calls Abandoned >30s | G26: Abandon >30s % | H26: Calls Abandoned | I26: Abandon % | J26: Forecast Variance % | K26: AHT | L26: ASA | M26: Flag | N26: Unplanned Shrinkage % | O26: Dominant Driver(s)
A27: Monday | B27: =COUNTIFS('Data Input'!C:C,A27,'Data Input'!L:L,">2") -> 16 | C27: =SUMIFS(DataInput[Forecast Calls],DataInput[Day],A27) -> 5930 | D27: =SUMIFS(DataInput[Offered Calls],DataInput[Day],A27) -> 6537 | E27: =SUMIFS(DataInput[Handled Calls],DataInput[Day],A27) -> 5840 | F27: =SUMIFS('Data Input'!J:J,'Data Input'!C:C,A27) -> 537 | G27: =IFERROR(F27/D27,0) -> 0.082147774 | H27: =SUMIFS('Data Input'!F:F,'Data Input'!C:C,A27)-SUMIFS('Data Input'!G:G,'Data Input'!C:C,A27) -> 697 | I27: =IFERROR(H27/D27,0) -> 0.10662383 | J27: =(D27-C27)/C27 -> 0.10236088 | K27: {=SUMPRODUCT(IF(DataInput[Day]=A27,DataInput[Handled Calls]*DataInput[AHT Seconds]))/E27} -> 456.52855 | L27: {=SUMPRODUCT(IF(DataInput[Day]=A27,DataInput[Handled Calls]*DataInput[AWT Minutes]))/E27} -> 2.4604338 | M27: =IF(L27>2,IF(I27>7%,"AWT Miss + Abandon >7%","AWT Miss"),IF(I27>7%,"Abandon >7%","OK")) -> AWT Miss + Abandon >7% | N27: 0.070098912 | O27: Forecast variance + 15 LUPs + 5.4 hrs tech + high AHT (averaging over 460 across missed intervals)
A28: Tuesday | B28: =COUNTIFS('Data Input'!C:C,A28,'Data Input'!L:L,">2") -> 1 | C28: =SUMIFS(DataInput[Forecast Calls],DataInput[Day],A28) -> 4805 | D28: =SUMIFS(DataInput[Offered Calls],DataInput[Day],A28) -> 4139 | E28: =SUMIFS(DataInput[Handled Calls],DataInput[Day],A28) -> 4010 | F28: =SUMIFS('Data Input'!J:J,'Data Input'!C:C,A28) -> 42 | G28: =IFERROR(F28/D28,0) -> 0.010147379 | H28: =SUMIFS('Data Input'!F:F,'Data Input'!C:C,A28)-SUMIFS('Data Input'!G:G,'Data Input'!C:C,A28) -> 129 | I28: =IFERROR(H28/D28,0) -> 0.031166949 | J28: =(D28-C28)/C28 -> -0.13860562 | K28: {=SUMPRODUCT(IF(DataInput[Day]=A28,DataInput[Handled Calls]*DataInput[AHT Seconds]))/E28} -> 440.70642 | L28: {=SUMPRODUCT(IF(DataInput[Day]=A28,DataInput[Handled Calls]*DataInput[AWT Minutes]))/E28} -> 0.37795927 | M28: =IF(L28>2,IF(I28>7%,"AWT Miss + Abandon >7%","AWT Miss"),IF(I28>7%,"Abandon >7%","OK")) -> OK | N28: 0.061677419
A29: Wednesday | B29: =COUNTIFS('Data Input'!C:C,A29,'Data Input'!L:L,">2") -> 17 | C29: =SUMIFS(DataInput[Forecast Calls],DataInput[Day],A29) -> 4490 | D29: =SUMIFS(DataInput[Offered Calls],DataInput[Day],A29) -> 4958 | E29: =SUMIFS(DataInput[Handled Calls],DataInput[Day],A29) -> 4169 | F29: =SUMIFS('Data Input'!J:J,'Data Input'!C:C,A29) -> 695 | G29: =IFERROR(F29/D29,0) -> 0.14017749 | H29: =SUMIFS('Data Input'!F:F,'Data Input'!C:C,A29)-SUMIFS('Data Input'!G:G,'Data Input'!C:C,A29) -> 789 | I29: =IFERROR(H29/D29,0) -> 0.15913675 | J29: =(D29-C29)/C29 -> 0.10423163 | K29: {=SUMPRODUCT(IF(DataInput[Day]=A29,DataInput[Handled Calls]*DataInput[AHT Seconds]))/E29} -> 442.15741 | L29: {=SUMPRODUCT(IF(DataInput[Day]=A29,DataInput[Handled Calls]*DataInput[AWT Minutes]))/E29} -> 3.4669825 | M29: =IF(L29>2,IF(I29>7%,"AWT Miss + Abandon >7%","AWT Miss"),IF(I29>7%,"Abandon >7%","OK")) -> AWT Miss + Abandon >7% | N29: 0.075597015 | O29: Interval level CV spike + high AHT (averaging over 470 across missed intervals) + 2000 DNPs
A30: Thursday | B30: =COUNTIFS('Data Input'!C:C,A30,'Data Input'!L:L,">2") -> 11 | C30: =SUMIFS(DataInput[Forecast Calls],DataInput[Day],A30) -> 4033 | D30: =SUMIFS(DataInput[Offered Calls],DataInput[Day],A30) -> 4058 | E30: =SUMIFS(DataInput[Handled Calls],DataInput[Day],A30) -> 3554 | F30: =SUMIFS('Data Input'!J:J,'Data Input'!C:C,A30) -> 425 | G30: =IFERROR(F30/D30,0) -> 0.10473139 | H30: =SUMIFS('Data Input'!F:F,'Data Input'!C:C,A30)-SUMIFS('Data Input'!G:G,'Data Input'!C:C,A30) -> 504 | I30: =IFERROR(H30/D30,0) -> 0.12419911 | J30: =(D30-C30)/C30 -> 0.0061988594 | K30: {=SUMPRODUCT(IF(DataInput[Day]=A30,DataInput[Handled Calls]*DataInput[AHT Seconds]))/E30} -> 438.38031 | L30: {=SUMPRODUCT(IF(DataInput[Day]=A30,DataInput[Handled Calls]*DataInput[AWT Minutes]))/E30} -> 2.7447665 | M30: =IF(L30>2,IF(I30>7%,"AWT Miss + Abandon >7%","AWT Miss"),IF(I30>7%,"Abandon >7%","OK")) -> AWT Miss + Abandon >7% | N30: 0.06593687 | O30: CV spikes in some intervals + high AHT (averaging over 465 across missed intervals) + 9 LUPs
A31: Friday | B31: =COUNTIFS('Data Input'!C:C,A31,'Data Input'!L:L,">2") -> 6 | C31: =SUMIFS(DataInput[Forecast Calls],DataInput[Day],A31) -> 4378 | D31: =SUMIFS(DataInput[Offered Calls],DataInput[Day],A31) -> 4647 | E31: =SUMIFS(DataInput[Handled Calls],DataInput[Day],A31) -> 4251 | F31: =SUMIFS('Data Input'!J:J,'Data Input'!C:C,A31) -> 279 | G31: =IFERROR(F31/D31,0) -> 0.060038735 | H31: =SUMIFS('Data Input'!F:F,'Data Input'!C:C,A31)-SUMIFS('Data Input'!G:G,'Data Input'!C:C,A31) -> 396 | I31: =IFERROR(H31/D31,0) -> 0.085216269 | J31: =(D31-C31)/C31 -> 0.061443582 | K31: {=SUMPRODUCT(IF(DataInput[Day]=A31,DataInput[Handled Calls]*DataInput[AHT Seconds]))/E31} -> 426.25356 | L31: {=SUMPRODUCT(IF(DataInput[Day]=A31,DataInput[Handled Calls]*DataInput[AWT Minutes]))/E31} -> 1.7867325 | M31: =IF(L31>2,IF(I31>7%,"AWT Miss + Abandon >7%","AWT Miss"),IF(I31>7%,"Abandon >7%","OK")) -> Abandon >7% | N31: 0.066682721 | O31: Interval level CV spike + high AHT + 3 hrs tech
A32: Saturday | B32: =COUNTIFS('Data Input'!C:C,A32,'Data Input'!L:L,">2") -> 2 | C32: =SUMIFS(DataInput[Forecast Calls],DataInput[Day],A32) -> 1606 | D32: =SUMIFS(DataInput[Offered Calls],DataInput[Day],A32) -> 1874 | E32: =SUMIFS(DataInput[Handled Calls],DataInput[Day],A32) -> 1766 | F32: =SUMIFS('Data Input'!J:J,'Data Input'!C:C,A32) -> 64 | G32: =IFERROR(F32/D32,0) -> 0.034151547 | H32: =SUMIFS('Data Input'!F:F,'Data Input'!C:C,A32)-SUMIFS('Data Input'!G:G,'Data Input'!C:C,A32) -> 108 | I32: =IFERROR(H32/D32,0) -> 0.057630736 | J32: =(D32-C32)/C32 -> 0.16687422 | K32: {=SUMPRODUCT(IF(DataInput[Day]=A32,DataInput[Handled Calls]*DataInput[AHT Seconds]))/E32} -> 454.95306 | L32: {=SUMPRODUCT(IF(DataInput[Day]=A32,DataInput[Handled Calls]*DataInput[AWT Minutes]))/E32} -> 1.0643167 | M32: =IF(L32>2,IF(I32>7%,"AWT Miss + Abandon >7%","AWT Miss"),IF(I32>7%,"Abandon >7%","OK")) -> OK | N32: 0.11428191
A33: TOTAL | B33: =SUM(B27:B32) -> 53 | C33: =SUM(C27:C32) -> 25242 | D33: =SUM(D27:D32) -> 26213 | E33: =SUM(E27:E32) -> 23590 | F33: =SUM(F27:F32) -> 2042 | G33: =IFERROR(F33/D33,0) -> 0.077900278 | H33: =SUM(H27:H32) -> 2623 | I33: =IFERROR(H33/D33,0) -> 0.10006485 | J33: =(D33-C33)/C33 -> 0.038467633 | K33: {=SUMPRODUCT(DataInput[Handled Calls]*DataInput[AHT Seconds])/E33} -> 442.99145 | L33: {=SUMPRODUCT(DataInput[Handled Calls]*DataInput[AWT Minutes])/E33} -> 2.1012413 | N33: 0.071646082

Sheet Action Tracker
A1: Weekly Action Tracker
A2: Use this to assign clear owners and due dates from the weekly Service Level narrative.
A5: Priority | B5: Action Item | C5: Trigger / Driver | D5: Owner | E5: Due Date | F5: Expected Impact | G5: Status | H5: Notes
A6: High | B6: Strengthen Monday AM flex coverage | C6: Monday AM AWT and abandon exception | D6: Bindu / Jay | E6: 2026-08-10 | F6: Reduce Monday missed intervals and abandon risk | G6: Open | H6: Tardies and absences are being escalated to TLs with the expectation that they coach the agents to improve behaviour. New shift bid taking effect this week is expected to help cover some of the under-staffing for the mornings, closing and on Saturdays
A7: High | B7: Review lunch coverage bands | C7: Lunch-related missed intervals | D7: Jay | E7: 2026-08-07 | F7: Reduce mid-day queue build-up | G7: Open | H7: Evaluate staggered lunch and coaching blocks.
A8: Medium | B8: Analyze AHT spike drivers | C8: Wednesday/Friday AHT above target | D8: Gwen / QA | E8: 2026-08-07 | F8: Reduce handle time-driven queue pressure | G8: Open | H8: Tie to QA call drivers and process knowledge gaps.
A9: Medium | B9: Validate vendor real-time response coverage | C9: Delayed response or weekend/after-hours risk | D9: Lou / Vendor WFM | E9: 2026-08-07 | F9: Improve recovery during peak intervals | G9: Open | H9: Confirm RTA escalation path.

Sheet Formulas & Definitions
A1: Formulas and Definitions
A2: Use these formulas consistently so weekly narratives are comparable over time.
A5: Metric | B5: Definition | C5: Spreadsheet Formula Example | D5: Notes
A6: AWT Miss | B6: Interval/time block where Average Wait Time exceeds 2.0 minutes | D6: Use your system interval grain if more detailed than this sample.
A7: Miss Severity | B7: Minor, moderate, or severe miss based on AWT minutes | D7: Severity makes the leadership narrative sharper.
A8: Abandon Rate | B8: Abandoned calls divided by offered calls | D8: Flag any day above 7% per Rimi ask.
A9: Forecast Variance | B9: Offered calls compared to forecast calls | D9: Positive means demand was higher than forecast.
A10: Shrinkage Rate | B10: Lost/shrinkage hours divided by scheduled work hours | D10: Use WFM standard denominator.
A11: Productive Staffing Gap | B11: Required staff less actual productive staff | D11: Positive gap means fewer productive agents than needed.
A12: Pareto Driver % | B12: Driver missed intervals divided by total missed intervals | C12: =driver_missed_intervals/total_missed_intervals -> #NAME? | D12: Use to identify vital few causes.

Sheet Narrative Template
A1: Copy/Paste Narrative Template
A2: Use this as the weekly message structure to Rimi after WFM updates the numbers.
A4: Section | B4: Template Text
A5: Executive Summary | B5: For the week of [Week Start] to [Week End], Care missed the 2-minute AWT target in [X] intervals across [Y] days. Misses were concentrated on [Day/Time Block]. The top drivers were [Driver 1], [Driver 2], and [Driver 3]. Abandonment exceeded 7% on [X] day(s): [Day(s)].
A6: Customer Impact | B6: The highest AWT was [X] minutes during [Day/Time Block]. The highest abandon rate was [X%] on [Day].
A7: Pareto Drivers | B7: The top drivers accounted for approximately [X%] of missed intervals. Primary driver: [Driver], impact: [Impact], corrective action: [Action].
A8: Immediate Actions | B8: 1) [Owner] will [Action] by [Due Date]. 2) [Owner] will [Action] by [Due Date]. 3) [Owner] will [Action] by [Due Date].
A9: Leadership Ask / Escalation | B9: Decision/support needed: [State any staffing, vendor, system, training, or routing support needed]. If no escalation is needed, state: No leadership escalation requested this week.

Sheet Sources
A1: Sources
A2: Plain text URLs and internal references used to frame definitions and best-practice recommendations.
A5: Source Type | B5: Description | C5: Reference / URL
A6: Internal context | B6: Rimi request for Weekly Service Level Performance narrative | C6: Teams message / upcoming Care weekly Service Level Performance review
A7: Internal context | B7: Existing Just Energy Weekly WFM Review includes SLA Performance, Forecast Accuracy, Utilization, Occupancy, Adherence, Shrinkage, Lost Hours, interval-level ASA data | C7: Internal WFM Review decks and meeting notes
A8: External benchmark | B8: COPC article explaining relationship between service level and abandonment rate and common abandonment expectations | C8: https://www.copc.com/service-level-are-you-measuring-it-the-wrong-way/
A9: External definition | B9: Call Centre Helper explanation of call abandon rate and formula | C9: https://www.callcentrehelper.com/measure-call-abandon-rate-75869.htm
A10: External benchmark | B10: Brightmetrics article summarizing abandonment rate benchmark ranges and improvement practices | C10: https://brightmetrics.com/blog/reducing-call-center-abandonment-rates-in-2025-what-actually-works/
